Date,Open,High,Low,Last,Change,Settle,Volume,Previous Day Open Interest
2007-01-02,1.6998,1.6998,1.6998,1.6998,,1.6998,4.0,706.0
2007-01-03,1.6598,1.6598,1.6598,1.6598,,1.6598,33.0,708.0
2007-01-04,1.6359,1.6359,1.615,1.615,,1.615,244.0,740.0
2007-01-05,1.5835,1.6011,1.5835,1.6011,,1.6011,998.0,1280.0
2007-01-08,1.6,1.6,1.6,1.6,,1.6,476.0,1599.0
2007-01-09,1.5775,1.5775,1.5775,1.5775,,1.5775,102.0,1652.0
2007-01-10,1.575,1.575,1.5457,1.5457,,1.5457,163.0,1596.0
2007-01-11,1.54,1.54,1.4875,1.4875,,1.4875,175.0,1565.0
2007-01-12,1.48,1.503,1.48,1.5,,1.5,339.0,1817.0
2007-01-16,1.45,1.45,1.4385,1.4385,,1.4385,376.0,1823.0
2007-01-17,1.4643,1.4643,1.4643,1.4643,,1.4643,995.0,2567.0
2007-01-18,1.4492,1.45,1.4492,1.45,,1.45,57.0,2619.0
2007-01-19,1.4886,1.4886,1.4886,1.4886,,1.4886,29.0,2639.0
2007-01-22,1.498,1.5202,1.498,1.5202,,1.5202,12.0,2646.0
2007-01-24,1.5421,1.5421,1.5421,1.5421,,1.5421,42.0,2646.0
2007-01-25,1.555,1.555,1.555,1.555,,1.555,11.0,2649.0
2007-01-26,1.54,1.5535,1.54,1.5535,,1.5535,31.0,2648.0
2007-01-29,1.512,1.512,1.512,1.512,,1.512,38.0,2627.0
2007-01-30,1.5785,1.5785,1.5785,1.5785,,1.5785,104.0,2657.0
2007-01-31,1.585,1.585,1.585,1.585,,1.585,420.0,2480.0
2007-02-01,1.535,1.6143,1.525,1.6143,,1.6143,82.0,79.0
2007-02-02,1.636,1.6624,1.636,1.6624,,1.6624,82.0,79.0
2007-02-05,1.6449,1.6449,1.6449,1.6449,,1.6449,1.0,78.0
2007-02-06,1.6495,1.6495,1.6495,1.6495,,1.6495,82.0,78.0
2007-02-09,1.6738,1.6738,1.6738,1.6738,,1.6738,82.0,78.0
2007-02-12,1.627,1.627,1.627,1.627,,1.627,75.0,54.0
2007-02-13,1.6581,1.6581,1.6581,1.6581,,1.6581,82.0,54.0
2007-02-14,1.6222,1.6222,1.6222,1.6222,,1.6222,82.0,54.0
2007-02-16,1.6473,1.6473,1.6473,1.6473,,1.6473,82.0,54.0
2007-02-20,1.6286,1.6286,1.6286,1.6286,,1.6286,2.0,56.0
2007-02-23,1.7246,1.7246,1.7246,1.7246,,1.7246,2.0,56.0
2007-02-26,1.7272,1.7272,1.7272,1.7272,,1.7272,2.0,56.0
2007-02-27,1.7236,1.7236,1.7236,1.7236,,1.7236,1.0,57.0
2007-02-28,1.7458,1.7458,1.7458,1.7458,,1.7458,2.0,57.0
2007-03-01,1.7706,1.7706,1.7706,1.7706,,1.7706,0.0,0.0
2007-03-02,1.7408,1.7408,1.7408,1.7408,,1.7408,0.0,0.0
2007-03-05,1.7082,1.7082,1.7082,1.7082,,1.7082,0.0,0.0
2007-03-06,1.7353,1.7353,1.7353,1.7353,,1.7353,0.0,0.0
2007-03-07,1.7655,1.7655,1.7655,1.7655,,1.7655,0.0,0.0
2007-03-08,1.7648,1.7648,1.7648,1.7648,,1.7648,0.0,0.0
2007-03-09,1.7356,1.7356,1.7356,1.7356,,1.7356,0.0,0.0
2007-03-12,1.7165,1.7165,1.7165,1.7165,,1.7165,0.0,0.0
2007-03-13,1.7203,1.7203,1.7203,1.7203,,1.7203,0.0,0.0
2007-03-14,1.7188,1.7188,1.7188,1.7188,,1.7188,0.0,0.0
2007-03-15,1.7051,1.7051,1.7051,1.7051,,1.7051,0.0,0.0
2007-03-16,1.7196,1.7196,1.7196,1.7196,,1.7196,0.0,0.0
2007-03-19,1.7246,1.7246,1.7246,1.7246,,1.7246,0.0,0.0
2007-03-20,1.7117,1.7117,1.7117,1.7117,,1.7117,0.0,0.0
2007-03-21,1.7158,1.7158,1.7158,1.7158,,1.7158,0.0,0.0
2007-03-22,1.76,1.76,1.76,1.76,,1.76,0.0,0.0
2007-03-23,1.7784,1.7784,1.7784,1.7784,,1.7784,0.0,0.0
2007-03-26,1.8142,1.8142,1.8142,1.8142,,1.8142,0.0,0.0
2007-03-27,1.8144,1.8144,1.8144,1.8144,,1.8144,0.0,0.0
2007-03-28,1.8132,1.8132,1.8132,1.8132,,1.8132,0.0,0.0
2007-03-29,1.8394,1.8394,1.8394,1.8394,,1.8394,0.0,0.0
2007-03-30,1.8355,1.8355,1.8355,1.8355,,1.8355,0.0,0.0
2007-04-03,1.9242,1.9242,1.9242,1.9242,,1.9242,0.0,0.0
2007-04-05,1.9673,1.9673,1.9673,1.9673,,1.9673,0.0,0.0
2007-04-10,1.9457,1.9457,1.9457,1.9457,,1.9457,0.0,0.0
2007-04-12,1.9752,1.9752,1.9752,1.9752,,1.9752,0.0,0.0
2007-04-13,1.9705,1.9705,1.9705,1.9705,,1.9705,0.0,0.0
2007-04-16,1.9262,1.9262,1.9262,1.9262,,1.9262,0.0,0.0
2007-04-17,1.8916,1.8916,1.8916,1.8916,,1.8916,0.0,0.0
2007-04-18,1.9118,1.9118,1.9118,1.9118,,1.9118,0.0,0.0
2007-04-19,1.9068,1.9068,1.9068,1.9068,,1.9068,0.0,0.0
2007-04-20,1.9269,1.9269,1.9269,1.9269,,1.9269,0.0,0.0
2007-04-23,1.9609,1.9609,1.9609,1.9609,,1.9609,0.0,0.0
2007-04-24,1.9326,1.9326,1.9326,1.9326,,1.9326,0.0,0.0
2007-04-27,1.9783,1.9783,1.9783,1.9783,,1.9783,0.0,0.0
2007-05-01,1.9722,1.9722,1.9722,1.9722,,1.9722,0.0,0.0
2007-05-02,1.9601,1.9601,1.9601,1.9601,,1.9601,0.0,0.0
2007-05-03,1.9546,1.9546,1.9546,1.9546,,1.9546,0.0,0.0
2007-05-04,1.9414,1.9414,1.9414,1.9414,,1.9414,0.0,0.0
2007-05-07,1.9289,1.9289,1.9289,1.9289,,1.9289,0.0,0.0
2007-05-08,1.94,1.94,1.94,1.94,,1.94,0.0,0.0
2007-05-09,1.9469,1.9469,1.9469,1.9469,,1.9469,0.0,0.0
2007-05-10,1.9591,1.9591,1.9591,1.9591,,1.9591,0.0,0.0
2007-05-11,1.9691,1.9691,1.9691,1.9691,,1.9691,0.0,0.0
2007-05-14,1.9617,1.9617,1.9617,1.9617,,1.9617,25.0,25.0
2007-05-15,1.9776,1.9776,1.9776,1.9776,,1.9776,25.0,25.0
2007-05-16,1.9775,1.9775,1.9775,1.9775,,1.9775,25.0,25.0
2007-05-17,2.0316,2.0316,2.0316,2.0316,,2.0316,25.0,25.0
2007-05-18,2.0127,2.0127,2.0127,2.0127,,2.0127,25.0,25.0
2007-05-21,2.0228,2.0228,2.0228,2.0228,,2.0228,0.0,25.0
2007-05-22,1.9853,1.9853,1.9853,1.9853,,1.9853,25.0,25.0
2007-05-23,2.0044,2.0044,2.0044,2.0044,,2.0044,0.0,25.0
2007-05-24,2.0159,2.0159,2.0159,2.0159,,2.0159,25.0,25.0
2007-05-25,2.04,2.04,2.04,2.04,,2.04,25.0,25.0
2007-05-28,2.04,2.04,2.04,2.04,,2.04,25.0,25.0
2007-05-29,1.9564,1.9564,1.9564,1.9564,,1.9564,25.0,25.0
2007-05-30,1.9955,1.9955,1.9955,1.9955,,1.9955,0.0,25.0
2007-05-31,2.0032,2.0032,2.0032,2.0032,,2.0032,25.0,25.0
2007-06-01,2.0391,2.0391,2.0391,2.0391,,2.0391,25.0,25.0
2007-06-05,2.0426,2.0426,2.0426,2.0426,,2.0426,25.0,25.0
2007-06-06,2.0564,2.0564,2.0564,2.0564,,2.0564,25.0,25.0
2007-06-07,2.0742,2.0742,2.0742,2.0742,,2.0742,25.0,25.0
2007-06-08,2.0341,2.0341,2.0341,2.0341,,2.0341,25.0,25.0
2007-06-11,2.0541,2.0541,2.0541,2.0541,,2.0541,25.0,25.0
2007-06-12,2.0402,2.0402,2.0402,2.0402,,2.0402,25.0,25.0
2007-06-15,2.0776,2.0776,2.0776,2.0776,,2.0776,25.0,25.0
2007-06-18,2.0883,2.0883,2.0883,2.0883,,2.0883,25.0,25.0
2007-06-20,2.0786,2.0786,2.0786,2.0786,,2.0786,25.0,25.0
2007-06-22,2.0921,2.0921,2.0921,2.0921,,2.0921,25.0,25.0
2007-06-25,2.0929,2.0929,2.0929,2.0929,,2.0929,25.0,25.0
2007-06-26,2.0594,2.0594,2.0594,2.0594,,2.0594,25.0,25.0
2007-06-27,2.0639,2.0639,2.0639,2.0639,,2.0639,25.0,25.0
2007-06-28,2.0646,2.0646,2.0646,2.0646,,2.0646,25.0,25.0
2007-06-29,2.0968,2.0968,2.0968,2.0968,,2.0968,25.0,25.0
2007-07-02,2.1082,2.1082,2.1082,2.1082,,2.1082,0.0,0.0
2007-07-03,2.1104,2.1104,2.1104,2.1104,,2.1104,0.0,0.0
2007-07-04,2.1104,2.1104,2.1104,2.1104,,2.1104,0.0,0.0
2007-07-05,2.1203,2.1203,2.1203,2.1203,,2.1203,0.0,0.0
2007-07-06,2.1321,2.1321,2.1321,2.1321,,2.1321,0.0,0.0
2007-07-09,2.1231,2.1231,2.1231,2.1231,,2.1231,0.0,0.0
2007-07-10,2.1359,2.1359,2.1359,2.1359,,2.1359,0.0,0.0
2007-07-11,2.1238,2.1238,2.1238,2.1238,,2.1238,0.0,0.0
2007-07-12,2.1218,2.1218,2.1218,2.1218,,2.1218,0.0,0.0
2007-07-13,2.1288,2.1288,2.1288,2.1288,,2.1288,0.0,0.0
2007-07-16,2.0697,2.0697,2.0697,2.0697,,2.0697,0.0,0.0
2007-07-17,2.0562,2.0562,2.0562,2.0562,,2.0562,0.0,0.0
2007-07-18,2.1038,2.1038,2.1038,2.1038,,2.1038,0.0,0.0
2007-07-19,2.1049,2.1049,2.1049,2.1049,,2.1049,0.0,0.0
2007-07-20,2.0939,2.0939,2.0939,2.0939,,2.0939,0.0,0.0
2007-07-23,2.0679,2.0679,2.0679,2.0679,,2.0679,0.0,0.0
2007-07-24,2.04,2.04,2.04,2.04,,2.04,0.0,0.0
2007-07-25,2.075,2.075,2.075,2.075,,2.075,0.0,0.0
2007-07-26,2.0535,2.0535,2.0535,2.0535,,2.0535,0.0,0.0
2007-07-27,2.0841,2.0841,2.0841,2.0841,,2.0841,0.0,0.0
2007-07-30,2.0572,2.0572,2.0572,2.0572,,2.0572,0.0,0.0
2007-07-31,2.0914,2.0914,2.0914,2.0914,,2.0914,0.0,0.0
2007-08-01,2.0571,2.0571,2.0571,2.0571,,2.0571,0.0,0.0
2007-08-02,2.0617,2.0617,2.0617,2.0617,,2.0617,0.0,0.0
2007-08-03,2.052,2.052,2.052,2.052,,2.052,0.0,0.0
2007-08-06,1.9829,1.9829,1.9829,1.9829,,1.9829,0.0,0.0
2007-08-07,2.0147,2.0147,2.0147,2.0147,,2.0147,0.0,0.0
2007-08-08,2.0142,2.0142,2.0142,2.0142,,2.0142,0.0,0.0
2007-08-09,2.0043,2.0043,2.0043,2.0043,,2.0043,0.0,0.0
2007-08-10,2.0053,2.0053,2.0053,2.0053,,2.0053,0.0,0.0
2007-08-13,1.979,1.979,1.979,1.979,,1.979,0.0,0.0
2007-08-14,1.9943,1.9943,1.9943,1.9943,,1.9943,0.0,0.0
2007-08-15,2.0203,2.0203,2.0203,2.0203,,2.0203,0.0,0.0
2007-08-16,1.9753,1.9753,1.9753,1.9753,,1.9753,0.0,0.0
2007-08-17,2.0003,2.0003,2.0003,2.0003,,2.0003,0.0,0.0
2007-08-20,1.9765,1.9765,1.9765,1.9765,,1.9765,0.0,0.0
2007-08-21,1.9507,1.9507,1.9507,1.9507,,1.9507,0.0,0.0
2007-08-22,1.9499,1.9499,1.9499,1.9499,,1.9499,0.0,0.0
2007-08-23,1.9653,1.9653,1.9653,1.9653,,1.9653,0.0,0.0
2007-08-24,1.9895,1.9895,1.9895,1.9895,,1.9895,0.0,0.0
2007-08-27,2.007,2.007,2.007,2.007,,2.007,0.0,0.0
2007-08-28,1.9844,1.9844,1.9844,1.9844,,1.9844,0.0,0.0
2007-08-29,2.0187,2.0187,2.0187,2.0187,,2.0187,0.0,0.0
2007-08-30,2.0117,2.0117,2.0117,2.0117,,2.0117,0.0,0.0
2007-08-31,2.0215,2.0215,2.0215,2.0215,,2.0215,0.0,0.0
2007-09-03,1.9925,1.9925,1.9925,1.9925,,1.9925,0.0,50.0
2007-09-04,2.0085,2.0085,2.0085,2.0085,,2.0085,0.0,50.0
2007-09-05,1.9911,1.9911,1.9911,1.9911,,1.9911,0.0,50.0
2007-09-06,1.9962,1.9962,1.9962,1.9962,,1.9962,0.0,50.0
2007-09-07,2.0084,2.0084,2.0084,2.0084,,2.0084,0.0,50.0
2007-09-10,2.0201,2.0201,2.0201,2.0201,,2.0201,0.0,50.0
2007-09-11,2.0226,2.0226,2.0226,2.0226,,2.0226,0.0,50.0
2007-09-12,2.0615,2.0615,2.0615,2.0615,,2.0615,0.0,50.0
2007-09-13,2.0649,2.0649,2.0649,2.0649,,2.0649,0.0,50.0
2007-09-14,2.0364,2.0364,2.0364,2.0364,,2.0364,0.0,50.0
2007-09-17,2.0527,2.0527,2.0527,2.0527,,2.0527,0.0,50.0
2007-09-18,2.0656,2.0656,2.0656,2.0656,,2.0656,0.0,50.0
2007-09-19,2.0786,2.0786,2.0786,2.0786,,2.0786,0.0,50.0
2007-09-20,2.0966,2.0966,2.0966,2.0966,,2.0966,0.0,50.0
2007-09-21,2.0999,2.0999,2.0999,2.0999,,2.0999,0.0,50.0
2007-09-24,2.0973,2.0973,2.0973,2.0973,,2.0973,0.0,50.0
2007-09-25,2.098,2.098,2.0719,2.0719,,2.0719,2.0,51.0
2007-09-26,2.072,2.072,2.072,2.072,,2.072,0.0,51.0
2007-09-27,2.1088,2.1088,2.1088,2.1088,,2.1088,2.0,51.0
2007-09-28,2.0716,2.0716,2.0716,2.0716,,2.0716,100.0,101.0
2007-10-01,1.9223,1.9223,1.9223,1.9223,,1.9223,250.0,50.0
2007-10-02,1.9238,1.9238,1.9238,1.9238,,1.9238,0.0,50.0
2007-10-03,1.9209,1.9209,1.9209,1.9209,,1.9209,0.0,50.0
2007-10-04,1.9592,1.9592,1.9592,1.9592,,1.9592,0.0,50.0
2007-10-05,1.9653,1.9653,1.9653,1.9653,,1.9653,0.0,50.0
2007-10-08,1.9317,1.9317,1.9317,1.9317,,1.9317,0.0,50.0
2007-10-09,1.9487,1.9487,1.9487,1.9487,,1.9487,0.0,50.0
2007-10-10,1.9756,1.9756,1.9756,1.9756,,1.9756,0.0,50.0
2007-10-11,2.0056,2.0056,2.0056,2.0056,,2.0056,0.0,50.0
2007-10-12,2.003,2.003,2.003,2.003,,2.003,0.0,50.0
2007-10-15,2.0389,2.0389,2.0389,2.0389,,2.0389,0.0,50.0
2007-10-16,2.0407,2.0407,2.0407,2.0407,,2.0407,0.0,50.0
2007-10-17,2.0226,2.0226,2.0226,2.0226,,2.0226,0.0,50.0
2007-10-18,2.0551,2.0551,2.0551,2.0551,,2.0551,0.0,50.0
2007-10-19,2.0327,2.0327,2.0327,2.0327,,2.0327,0.0,50.0
2007-10-22,2.0204,2.0204,2.0204,2.0204,,2.0204,0.0,50.0
2007-10-23,2.0087,2.0087,2.0087,2.0087,,2.0087,0.0,50.0
2007-10-24,2.0446,2.0446,2.0446,2.0446,,2.0446,0.0,50.0
2007-10-25,2.087,2.087,2.087,2.087,,2.087,0.0,50.0
2007-10-26,2.1105,2.1105,2.1105,2.1105,,2.1105,0.0,50.0
2007-10-29,2.1569,2.1569,2.1569,2.1569,,2.1569,0.0,50.0
2007-10-30,2.0951,2.0951,2.0951,2.0951,,2.0951,0.0,50.0
2007-10-31,2.1536,2.1536,2.1536,2.1536,,2.1536,0.0,50.0
2007-11-01,2.0952,2.0952,2.0952,2.0952,,2.0952,50.0,57.0
2007-11-02,2.1287,2.1287,2.1287,2.1287,,2.1287,0.0,57.0
2007-11-05,2.086,2.086,2.086,2.086,,2.086,0.0,57.0
2007-11-06,2.1324,2.1324,2.1324,2.1324,,2.1324,0.0,57.0
2007-11-07,2.138,2.138,2.138,2.138,,2.138,0.0,57.0
2007-11-08,2.1293,2.1293,2.1293,2.1293,,2.1293,0.0,57.0
2007-11-09,2.1404,2.1404,2.1404,2.1404,,2.1404,0.0,0.0
2007-11-12,2.095,2.095,2.095,2.095,,2.095,0.0,57.0
2007-11-13,2.0352,2.0352,2.0352,2.0352,,2.0352,0.0,57.0
2007-11-14,2.0986,2.0986,2.0986,2.0986,,2.0986,0.0,57.0
2007-11-15,2.0682,2.0682,2.0682,2.0682,,2.0682,0.0,57.0
2007-11-16,2.1004,2.1004,2.1004,2.1004,,2.1004,0.0,57.0
2007-11-19,2.1174,2.1174,2.1174,2.1174,,2.1174,0.0,57.0
2007-11-20,2.1965,2.1965,2.1965,2.1965,,2.1965,0.0,57.0
2007-11-21,2.1743,2.1743,2.1743,2.1743,,2.1743,0.0,57.0
2007-11-23,2.2025,2.2025,2.2025,2.2025,,2.2025,0.0,57.0
2007-11-26,2.1838,2.1838,2.1838,2.1838,,2.1838,0.0,57.0
2007-11-27,2.1315,2.1315,2.1315,2.1315,,2.1315,0.0,57.0
2007-11-28,2.0864,2.0864,2.0864,2.0864,,2.0864,0.0,57.0
2007-11-29,2.1137,2.1137,2.1137,2.1137,,2.1137,7.0,57.0
2007-11-30,2.0891,2.0891,2.0891,2.0891,,2.0891,0.0,57.0
2007-12-03,2.1061,2.1061,2.1061,2.1061,,2.1061,0.0,712.0
2007-12-04,2.1282,2.1282,2.1282,2.1282,,2.1282,3.0,711.0
2007-12-05,2.1034,2.1034,2.1034,2.1034,,2.1034,0.0,711.0
2007-12-06,2.1618,2.1618,2.1618,2.1618,,2.1618,0.0,711.0
2007-12-07,2.1285,2.1285,2.1285,2.1285,,2.1285,0.0,711.0
2007-12-10,2.12,2.12,2.12,2.12,,2.12,0.0,711.0
2007-12-11,2.1594,2.1594,2.1594,2.1594,,2.1594,0.0,711.0
2007-12-12,2.2378,2.2378,2.2378,2.2378,,2.2378,0.0,711.0
2007-12-13,2.1874,2.1874,2.1874,2.1874,,2.1874,0.0,711.0
2007-12-14,2.1667,2.1667,2.1667,2.1667,,2.1667,0.0,711.0
2007-12-17,2.1749,2.1749,2.1749,2.1749,,2.1749,0.0,711.0
2007-12-18,2.1509,2.1509,2.1509,2.1509,,2.1509,0.0,711.0
2007-12-19,2.1689,2.1689,2.1689,2.1689,,2.1689,0.0,711.0
2007-12-20,2.1594,2.1594,2.1594,2.1594,,2.1594,242.0,711.0
2007-12-21,2.1874,2.1874,2.1874,2.1874,,2.1874,0.0,711.0
2007-12-24,2.1967,2.1967,2.1967,2.1967,,2.1967,0.0,711.0
2007-12-26,2.2427,2.2427,2.2427,2.2427,,2.2427,0.0,711.0
2007-12-27,2.2615,2.2615,2.2615,2.2615,,2.2615,0.0,711.0
2007-12-28,2.2157,2.2157,2.2157,2.2157,,2.2157,0.0,711.0
2007-12-31,2.2013,2.2013,2.2013,2.2013,,2.2013,0.0,711.0
2008-01-02,2.2864,2.2864,2.2864,2.2864,,2.2864,0.0,0.0
2008-01-03,2.2839,2.2839,2.2839,2.2839,,2.2839,0.0,0.0
2008-01-04,2.2723,2.2723,2.2723,2.2723,,2.2723,0.0,0.0
2008-01-07,2.2136,2.2136,2.2136,2.2136,,2.2136,0.0,0.0
2008-01-08,2.2484,2.2484,2.2484,2.2484,,2.2484,0.0,0.0
2008-01-09,2.2105,2.2105,2.2105,2.2105,,2.2105,0.0,0.0
2008-01-10,2.175,2.175,2.175,2.175,,2.175,0.0,0.0
2008-01-11,2.1686,2.1686,2.1686,2.1686,,2.1686,0.0,0.0
2008-01-14,2.2069,2.2069,2.2069,2.2069,,2.2069,0.0,0.0
2008-01-15,2.1647,2.1647,2.1647,2.1647,,2.1647,0.0,0.0
2008-01-16,2.1493,2.1493,2.1493,2.1493,,2.1493,0.0,0.0
2008-01-17,2.1333,2.1333,2.1333,2.1333,,2.1333,0.0,0.0
2008-01-18,2.1483,2.1483,2.1483,2.1483,,2.1483,0.0,0.0
2008-01-22,2.1284,2.1284,2.1284,2.1284,,2.1284,0.0,0.0
2008-01-23,2.0969,2.0969,2.0969,2.0969,,2.0969,0.0,0.0
2008-01-24,2.1354,2.1354,2.1354,2.1354,,2.1354,0.0,0.0
2008-01-25,2.1772,2.1772,2.1772,2.1772,,2.1772,0.0,0.0
2008-01-28,2.1923,2.1923,2.1923,2.1923,,2.1923,0.0,0.0
2008-01-29,2.206,2.206,2.206,2.206,,2.206,0.0,0.0
2008-01-30,2.2165,2.2165,2.2165,2.2165,,2.2165,0.0,0.0
2008-01-31,2.2372,2.2372,2.2372,2.2372,,2.2372,0.0,0.0
2008-02-01,2.1924,2.1924,2.1924,2.1924,,2.1924,0.0,0.0
2008-02-04,2.2172,2.2172,2.2172,2.2172,,2.2172,0.0,0.0
2008-02-05,2.1932,2.1932,2.1932,2.1932,,2.1932,0.0,0.0
2008-02-06,2.1729,2.1729,2.1729,2.1729,,2.1729,0.0,0.0
2008-02-07,2.1931,2.1931,2.1931,2.1931,,2.1931,0.0,0.0
2008-02-08,2.2652,2.2652,2.2652,2.2652,,2.2652,0.0,0.0
2008-02-11,2.2837,2.2837,2.2837,2.2837,,2.2837,0.0,0.0
2008-02-12,2.273,2.273,2.273,2.273,,2.273,0.0,0.0
2008-02-13,2.2814,2.2814,2.2814,2.2814,,2.2814,0.0,0.0
2008-02-14,2.3381,2.3381,2.3381,2.3381,,2.3381,0.0,0.0
2008-02-15,2.3256,2.3256,2.3256,2.3256,,2.3256,0.0,0.0
2008-02-19,2.3937,2.3937,2.3937,2.3937,,2.3937,0.0,0.0
2008-02-20,2.3957,2.3957,2.3957,2.3957,,2.3957,0.0,0.0
2008-02-21,2.372,2.372,2.372,2.372,,2.372,0.0,0.0
2008-02-22,2.3858,2.3858,2.3858,2.3858,,2.3858,0.0,0.0
2008-02-25,2.3939,2.3939,2.3939,2.3939,,2.3939,0.0,0.0
2008-02-26,2.4478,2.4478,2.4478,2.4478,,2.4478,0.0,0.0
2008-02-27,2.4219,2.4219,2.4219,2.4219,,2.4219,0.0,0.0
2008-02-28,2.4822,2.4822,2.4822,2.4822,,2.4822,0.0,0.0
2008-02-29,2.4924,2.4924,2.4924,2.4924,,2.4924,0.0,0.0
2008-03-03,2.4905,2.4905,2.4905,2.4905,,2.4905,0.0,0.0
2008-03-05,2.5221,2.5221,2.5221,2.5221,,2.5221,0.0,0.0
2008-03-06,2.5125,2.5125,2.5125,2.5125,,2.5125,0.0,0.0
2008-03-07,2.515,2.515,2.515,2.515,,2.515,0.0,0.0
2008-03-10,2.5155,2.5155,2.5155,2.5155,,2.5155,0.0,0.0
2008-03-11,2.5196,2.5196,2.5196,2.5196,,2.5196,0.0,0.0
2008-03-12,2.5539,2.5539,2.5539,2.5539,,2.5539,0.0,0.0
2008-03-13,2.5728,2.5728,2.5728,2.5728,,2.5728,0.0,0.0
2008-03-14,2.5639,2.5639,2.5639,2.5639,,2.5639,0.0,0.0
2008-03-17,2.4446,2.4446,2.4446,2.4446,,2.4446,0.0,0.0
2008-03-18,2.5819,2.5819,2.5819,2.5819,,2.5819,0.0,0.0
2008-03-19,2.4555,2.4555,2.4555,2.4555,,2.4555,0.0,0.0
2008-03-20,2.4538,2.4538,2.4538,2.4538,,2.4538,0.0,0.0
2008-03-24,2.4421,2.4421,2.4421,2.4421,,2.4421,0.0,0.0
2008-03-25,2.4775,2.4775,2.4775,2.4775,,2.4775,0.0,0.0
2008-03-26,2.5371,2.5371,2.5371,2.5371,,2.5371,0.0,0.0
2008-03-27,2.546,2.546,2.546,2.546,,2.546,0.0,0.0
2008-03-28,2.5307,2.5307,2.5307,2.5307,,2.5307,0.0,0.0
2008-03-31,2.4563,2.4563,2.4563,2.4563,,2.4563,0.0,0.0
2008-04-01,2.5809,2.5809,2.5809,2.5809,,2.5809,0.0,0.0
2008-04-02,2.6618,2.6618,2.6618,2.6618,,2.6618,0.0,0.0
2008-04-03,2.6197,2.6197,2.6197,2.6197,,2.6197,0.0,0.0
2008-04-04,2.6621,2.6621,2.6621,2.6621,,2.6621,0.0,0.0
2008-04-07,2.7034,2.7034,2.7034,2.7034,,2.7034,0.0,0.0
2008-04-08,2.6868,2.6868,2.6868,2.6868,,2.6868,0.0,0.0
2008-04-09,2.7171,2.7171,2.7171,2.7171,,2.7171,0.0,0.0
2008-04-10,2.7255,2.7255,2.7255,2.7255,,2.7255,0.0,0.0
2008-04-11,2.7342,2.7342,2.7342,2.7342,,2.7342,0.0,0.0
2008-04-14,2.7482,2.7482,2.7482,2.7482,,2.7482,0.0,0.0
2008-04-15,2.8034,2.8034,2.8034,2.8034,,2.8034,0.0,0.0
2008-04-16,2.8429,2.8429,2.8429,2.8429,,2.8429,0.0,0.0
2008-04-17,2.8517,2.8517,2.8517,2.8517,,2.8517,0.0,0.0
2008-04-18,2.8852,2.8852,2.8852,2.8852,,2.8852,0.0,0.0
2008-04-21,2.8834,2.8834,2.8834,2.8834,,2.8834,0.0,0.0
2008-04-22,2.919,2.919,2.919,2.919,,2.919,0.0,0.0
2008-04-23,2.9383,2.9383,2.9383,2.9383,,2.9383,0.0,0.0
2008-04-24,2.8857,2.8857,2.8857,2.8857,,2.8857,0.0,0.0
2008-04-25,2.9286,2.9286,2.9286,2.9286,,2.9286,0.0,0.0
2008-04-28,2.9177,2.9177,2.9177,2.9177,,2.9177,0.0,0.0
2008-04-29,2.8562,2.8562,2.8562,2.8562,,2.8562,0.0,0.0
2008-04-30,2.8168,2.8168,2.8168,2.8168,,2.8168,0.0,0.0
2008-05-02,2.9057,2.9057,2.9057,2.9057,,2.9057,0.0,3.0
2008-05-05,2.9927,2.9927,2.9927,2.9927,,2.9927,0.0,3.0
2008-05-06,3.0378,3.0378,3.0378,3.0378,,3.0378,0.0,3.0
2008-05-07,3.0805,3.0805,3.0805,3.0805,,3.0805,0.0,3.0
2008-05-08,3.1091,3.1091,3.1091,3.1091,,3.1091,0.0,3.0
2008-05-09,3.12,3.1695,3.12,3.1695,,3.1695,0.0,3.0
2008-05-12,3.1265,3.1265,3.1265,3.1265,,3.1265,4.0,3.0
2008-05-13,3.1583,3.1583,3.1583,3.1583,,3.1583,0.0,3.0
2008-05-14,3.1472,3.1472,3.1472,3.1472,,3.1472,0.0,3.0
2008-05-15,3.1346,3.1346,3.1346,3.1346,,3.1346,0.0,3.0
2008-05-16,3.1845,3.1845,3.1845,3.1845,,3.1845,0.0,3.0
2008-05-19,3.2171,3.2171,3.2171,3.2171,,3.2171,0.0,3.0
2008-05-20,3.3267,3.3267,3.3267,3.3267,,3.3267,0.0,3.0
2008-05-21,3.4246,3.4246,3.4246,3.4246,,3.4246,0.0,3.0
2008-05-22,3.3358,3.3358,3.3358,3.3358,,3.3358,0.0,3.0
2008-05-23,3.3318,3.3318,3.3318,3.3318,,3.3318,0.0,3.0
2008-05-27,3.2728,3.2728,3.2728,3.2728,,3.2728,0.0,3.0
2008-05-28,3.2954,3.2954,3.2954,3.2954,,3.2954,0.0,3.0
2008-05-29,3.212,3.212,3.212,3.212,,3.212,0.0,753.0
2008-05-30,3.222,3.222,3.222,3.222,,3.222,0.0,753.0
2008-06-02,3.2425,3.2425,3.2425,3.2425,,3.2425,0.0,0.0
2008-06-03,3.1903,3.1903,3.1903,3.1903,,3.1903,0.0,0.0
2008-06-04,3.1352,3.1352,3.1352,3.1352,,3.1352,0.0,0.0
2008-06-05,3.2696,3.2696,3.2696,3.2696,,3.2696,50.0,50.0
2008-06-06,3.4658,3.4658,3.4658,3.4658,,3.4658,0.0,50.0
2008-06-09,3.3698,3.3698,3.3698,3.3698,,3.3698,0.0,50.0
2008-06-10,3.3354,3.3354,3.3354,3.3354,,3.3354,0.0,50.0
2008-06-11,3.4676,3.4676,3.4676,3.4676,,3.4676,0.0,0.0
2008-06-12,3.5043,3.5043,3.5043,3.5043,,3.5043,0.0,0.0
2008-06-13,3.4529,3.4529,3.4529,3.4529,,3.4529,0.0,0.0
2008-06-17,3.4562,3.4562,3.4562,3.4562,,3.4562,0.0,0.0
2008-06-18,3.4913,3.4913,3.4913,3.4913,,3.4913,0.0,0.0
2008-06-19,3.4105,3.4105,3.4105,3.4105,,3.4105,0.0,0.0
2008-06-20,3.4596,3.4596,3.4596,3.4596,,3.4596,0.0,0.0
2008-06-23,3.4785,3.4785,3.4785,3.4785,,3.4785,0.0,0.0
2008-06-24,3.4958,3.4958,3.4958,3.4958,,3.4958,0.0,0.0
2008-06-25,3.4567,3.4567,3.4567,3.4567,,3.4567,0.0,0.0
2008-06-26,3.5751,3.5751,3.5751,3.5751,,3.5751,0.0,0.0
2008-06-27,3.5795,3.5795,3.5795,3.5795,,3.5795,0.0,0.0
2008-06-30,3.5829,3.5829,3.5829,3.5829,,3.5829,0.0,0.0
2008-07-01,3.612,3.612,3.612,3.612,,3.612,0.0,0.0
2008-07-02,3.6595,3.6595,3.6595,3.6595,,3.6595,0.0,0.0
2008-07-03,3.7023,3.7023,3.7023,3.7023,,3.7023,0.0,0.0
2008-07-07,3.6444,3.6444,3.6444,3.6444,,3.6444,0.0,0.0
2008-07-08,3.5352,3.5352,3.5352,3.5352,,3.5352,0.0,0.0
2008-07-09,3.5374,3.5374,3.5374,3.5374,,3.5374,0.0,0.0
2008-07-10,3.677,3.677,3.677,3.677,,3.677,0.0,0.0
2008-07-11,3.7168,3.7168,3.7168,3.7168,,3.7168,0.0,0.0
2008-07-15,3.5964,3.5964,3.5964,3.5964,,3.5964,0.0,0.0
2008-07-16,3.5,3.5,3.5,3.5,,3.5,0.0,0.0
2008-07-17,3.3834,3.3834,3.3834,3.3834,,3.3834,0.0,0.0
2008-07-18,3.374,3.374,3.374,3.374,,3.374,0.0,0.0
2008-07-21,3.4207,3.4207,3.4207,3.4207,,3.4207,0.0,0.0
2008-07-22,3.3747,3.3747,3.3747,3.3747,,3.3747,0.0,0.0
2008-07-23,3.2802,3.2802,3.2802,3.2802,,3.2802,0.0,0.0
2008-07-25,3.2371,3.2371,3.2371,3.2371,,3.2371,0.0,0.0
2008-07-28,3.2643,3.2643,3.2643,3.2643,,3.2643,0.0,0.0
2008-07-29,3.21,3.21,3.21,3.21,,3.21,0.0,0.0
2008-07-30,3.3112,3.3112,3.3112,3.3112,,3.3112,0.0,0.0
2008-07-31,3.2477,3.2477,3.2477,3.2477,,3.2477,0.0,0.0
2008-08-01,3.2491,3.2491,3.2491,3.2491,,3.2491,0.0,0.0
2008-08-04,3.1655,3.1655,3.1655,3.1655,,3.1655,0.0,0.0
2008-08-05,3.0992,3.0992,3.0992,3.0992,,3.0992,0.0,0.0
2008-08-06,3.0836,3.0836,3.0836,3.0836,,3.0836,0.0,0.0
2008-08-07,3.1095,3.1095,3.1095,3.1095,,3.1095,0.0,0.0
2008-08-08,3.0322,3.0322,3.0322,3.0322,,3.0322,0.0,0.0
2008-08-11,3.0164,3.0164,3.0164,3.0164,,3.0164,0.0,0.0
2008-08-12,2.9845,2.9845,2.9845,2.9845,,2.9845,0.0,0.0
2008-08-13,3.0531,3.0531,3.0531,3.0531,,3.0531,0.0,0.0
2008-08-14,3.0413,3.0413,3.0413,3.0413,,3.0413,0.0,0.0
2008-08-15,3.022,3.022,3.022,3.022,,3.022,0.0,0.0
2008-08-18,2.98,2.98,2.98,2.98,,2.98,0.0,0.0
2008-08-19,3.0232,3.0232,3.0232,3.0232,,3.0232,0.0,0.0
2008-08-20,3.0818,3.0818,3.0818,3.0818,,3.0818,0.0,0.0
2008-08-21,3.2251,3.2251,3.2251,3.2251,,3.2251,0.0,0.0
2008-08-22,3.0844,3.0844,3.0844,3.0844,,3.0844,0.0,0.0
2008-08-25,3.1077,3.1077,3.1077,3.1077,,3.1077,0.0,0.0
2008-08-26,3.1275,3.1275,3.1275,3.1275,,3.1275,0.0,0.0
2008-08-27,3.142,3.142,3.142,3.142,,3.142,0.0,0.0
2008-08-28,3.0992,3.0992,3.0992,3.0992,,3.0992,0.0,0.0
2008-08-29,3.085,3.085,3.085,3.085,,3.085,0.0,0.0
2008-09-02,2.966,2.966,2.966,2.966,,2.966,0.0,0.0
2008-09-03,2.9596,2.9596,2.9596,2.9596,,2.9596,0.0,0.0
2008-09-04,2.9267,2.9267,2.9267,2.9267,,2.9267,0.0,0.0
2008-09-05,2.8924,2.8924,2.8924,2.8924,,2.8924,0.0,0.0
2008-09-08,2.8861,2.8861,2.8861,2.8861,,2.8861,0.0,0.0
2008-09-09,2.8114,2.8114,2.8114,2.8114,,2.8114,0.0,0.0
2008-09-10,2.7854,2.7854,2.7854,2.7854,,2.7854,0.0,0.0
2008-09-11,2.7536,2.7536,2.7536,2.7536,,2.7536,0.0,0.0
2008-09-12,2.7679,2.7679,2.7679,2.7679,,2.7679,0.0,0.0
2008-09-15,2.6372,2.6372,2.6372,2.6372,,2.6372,0.0,0.0
2008-09-16,2.5036,2.5036,2.5036,2.5036,,2.5036,0.0,0.0
2008-09-17,2.6148,2.6148,2.6148,2.6148,,2.6148,0.0,0.0
2008-09-18,2.6522,2.6522,2.6522,2.6522,,2.6522,0.0,0.0
2008-09-19,2.7546,2.7546,2.7546,2.7546,,2.7546,0.0,0.0
2008-09-22,2.9102,2.9102,2.9102,2.9102,,2.9102,0.0,0.0
2008-09-23,2.823,2.823,2.823,2.823,,2.823,0.0,0.0
2008-09-24,2.7994,2.7994,2.7994,2.7994,,2.7994,0.0,0.0
2008-09-25,2.8643,2.8643,2.8643,2.8643,,2.8643,0.0,0.0
2008-09-26,2.8339,2.8339,2.8339,2.8339,,2.8339,0.0,0.0
2008-09-29,2.6078,2.6078,2.6078,2.6078,,2.6078,0.0,0.0
2008-09-30,2.7132,2.7132,2.7132,2.7132,,2.7132,0.0,0.0
2008-10-01,2.5065,2.5065,2.5065,2.5065,,2.5065,0.0,0.0
2008-10-02,2.4075,2.4075,2.4075,2.4075,,2.4075,0.0,0.0
2008-10-03,2.3893,2.3893,2.3893,2.3893,,2.3893,0.0,0.0
2008-10-06,2.2461,2.2461,2.2461,2.2461,,2.2461,0.0,0.0
2008-10-07,2.2793,2.2793,2.2793,2.2793,,2.2793,0.0,0.0
2008-10-08,2.2548,2.2548,2.2548,2.2548,,2.2548,0.0,0.0
2008-10-09,2.2387,2.2387,2.2387,2.2387,,2.2387,0.0,0.0
2008-10-10,2.0345,2.0345,2.0345,2.0345,,2.0345,0.0,0.0
2008-10-13,2.1186,2.1186,2.1186,2.1186,,2.1186,0.0,0.0
2008-10-14,2.0728,2.0728,2.0728,2.0728,,2.0728,0.0,0.0
2008-10-15,1.9677,1.9677,1.9677,1.9677,,1.9677,0.0,0.0
2008-10-16,1.8591,1.8591,1.8591,1.8591,,1.8591,0.0,0.0
2008-10-17,1.9011,1.9011,1.9011,1.9011,,1.9011,0.0,0.0
2008-10-20,1.9542,1.9542,1.9542,1.9542,,1.9542,0.0,0.0
2008-10-21,1.9269,1.9269,1.9269,1.9269,,1.9269,0.0,0.0
2008-10-22,1.8194,1.8194,1.8194,1.8194,,1.8194,0.0,0.0
2008-10-23,1.8329,1.8329,1.8329,1.8329,,1.8329,0.0,0.0
2008-10-24,1.7422,1.7422,1.7422,1.7422,,1.7422,0.0,0.0
2008-10-27,1.7133,1.7133,1.7133,1.7133,,1.7133,0.0,0.0
2008-10-28,1.6995,1.6995,1.6995,1.6995,,1.6995,0.0,0.0
2008-10-30,1.7965,1.7965,1.7965,1.7965,,1.7965,0.0,0.0
2008-10-31,1.8624,1.8624,1.8624,1.8624,,1.8624,0.0,0.0
2008-11-03,1.7595,1.7595,1.7595,1.7595,,1.7595,0.0,0.0
2008-11-04,1.9402,1.9402,1.9402,1.9402,,1.9402,0.0,0.0
2008-11-05,1.8489,1.8489,1.8489,1.8489,,1.8489,0.0,0.0
2008-11-06,1.7725,1.7725,1.7725,1.7725,,1.7725,0.0,0.0
2008-11-07,1.7825,1.7825,1.7825,1.7825,,1.7825,0.0,0.0
2008-11-10,1.8019,1.8019,1.8019,1.8019,,1.8019,0.0,0.0
2008-11-11,1.7299,1.7299,1.7299,1.7299,,1.7299,0.0,0.0
2008-11-12,1.6481,1.6481,1.6481,1.6481,,1.6481,0.0,0.0
2008-11-13,1.6864,1.6864,1.6864,1.6864,,1.6864,0.0,0.0
2008-11-14,1.6411,1.6411,1.6411,1.6411,,1.6411,0.0,0.0
2008-11-17,1.5851,1.5851,1.5851,1.5851,,1.5851,0.0,0.0
2008-11-18,1.5563,1.5563,1.5563,1.5563,,1.5563,0.0,0.0
2008-11-19,1.5475,1.5475,1.5475,1.5475,,1.5475,0.0,0.0
2008-11-20,1.4609,1.4609,1.4609,1.4609,,1.4609,0.0,0.0
2008-11-21,1.5077,1.5077,1.5077,1.5077,,1.5077,0.0,0.0
2008-11-24,1.589,1.589,1.589,1.589,,1.589,0.0,0.0
2008-11-25,1.5439,1.5439,1.5439,1.5439,,1.5439,0.0,0.0
2008-11-26,1.6203,1.6203,1.6203,1.6203,,1.6203,0.0,0.0
2008-11-28,1.6261,1.6261,1.6261,1.6261,,1.6261,0.0,0.0
2008-12-01,1.5352,1.5352,1.5352,1.5352,,1.5352,0.0,1346.0
2008-12-02,1.4917,1.4917,1.4917,1.4917,,1.4917,0.0,1346.0
2008-12-03,1.54,1.54,1.496,1.496,,1.496,200.0,1287.0
2008-12-04,1.439,1.439,1.439,1.439,,1.439,7.0,1285.0
2008-12-05,1.437,1.437,1.3792,1.3792,,1.3792,0.0,1285.0
2008-12-08,1.4543,1.4543,1.4543,1.4543,,1.4543,4.0,1283.0
2008-12-09,1.4054,1.4054,1.4054,1.4054,,1.4054,0.0,1283.0
2008-12-10,1.4027,1.4027,1.4027,1.4027,,1.4027,0.0,1283.0
2008-12-11,1.4871,1.4871,1.4871,1.4871,,1.4871,12.0,1278.0
2008-12-12,1.4687,1.4687,1.4687,1.4687,,1.4687,0.0,1278.0
2008-12-15,1.4379,1.4379,1.4379,1.4379,,1.4379,0.0,1278.0
2008-12-16,1.4337,1.4337,1.4337,1.4337,,1.4337,5.0,1274.0
2008-12-17,1.4065,1.4065,1.4065,1.4065,,1.4065,10.0,1274.0
2008-12-18,1.41,1.41,1.3514,1.3514,,1.3514,5.0,1274.0
2008-12-19,1.37,1.3708,1.37,1.3708,,1.3708,3.0,1272.0
2008-12-22,1.2977,1.2977,1.2977,1.2977,,1.2977,1.0,1271.0
2008-12-23,1.2967,1.2967,1.2865,1.2865,,1.2865,0.0,1271.0
2008-12-24,1.2172,1.2172,1.2172,1.2172,,1.2172,1.0,1271.0
2008-12-26,1.267,1.267,1.267,1.267,,1.267,0.0,1271.0
2008-12-29,1.315,1.315,1.315,1.315,,1.315,0.0,1271.0
2008-12-30,1.3333,1.3333,1.3333,1.3333,,1.3333,0.0,1271.0
2008-12-31,1.451,1.451,1.451,1.451,,1.451,0.0,1271.0
2009-01-02,1.5,1.5,1.5,1.5,,1.5,0.0,0.0
2009-01-05,1.5524,1.5524,1.5524,1.5524,,1.5524,0.0,0.0
2009-01-06,1.5622,1.5622,1.5622,1.5622,,1.5622,0.0,0.0
2009-01-07,1.4534,1.4534,1.4534,1.4534,,1.4534,0.0,0.0
2009-01-08,1.4587,1.4587,1.4587,1.4587,,1.4587,0.0,0.0
2009-01-09,1.4802,1.4802,1.4802,1.4802,,1.4802,0.0,0.0
2009-01-12,1.4491,1.4491,1.4491,1.4491,,1.4491,0.0,0.0
2009-01-13,1.4939,1.4939,1.4939,1.4939,,1.4939,0.0,0.0
2009-01-14,1.4892,1.4892,1.4892,1.4892,,1.4892,0.0,0.0
2009-01-15,1.4987,1.4987,1.4987,1.4987,,1.4987,0.0,0.0
2009-01-16,1.4732,1.4732,1.4732,1.4732,,1.4732,0.0,0.0
2009-01-20,1.4306,1.4306,1.4306,1.4306,,1.4306,0.0,0.0
2009-01-21,1.4293,1.4293,1.4293,1.4293,,1.4293,0.0,0.0
2009-01-22,1.3991,1.3991,1.3991,1.3991,,1.3991,0.0,0.0
2009-01-23,1.4702,1.4702,1.4702,1.4702,,1.4702,0.0,0.0
2009-01-26,1.4471,1.4471,1.4471,1.4471,,1.4471,0.0,0.0
2009-01-27,1.4115,1.4115,1.4115,1.4115,,1.4115,0.0,0.0
2009-01-28,1.4331,1.4331,1.4331,1.4331,,1.4331,0.0,0.0
2009-01-29,1.4339,1.4339,1.4339,1.4339,,1.4339,0.0,0.0
2009-01-30,1.4492,1.4492,1.4492,1.4492,,1.4492,0.0,0.0
2009-02-02,1.376,1.376,1.376,1.376,,1.376,0.0,0.0
2009-02-03,1.3898,1.3898,1.3898,1.3898,,1.3898,0.0,0.0
2009-02-04,1.4307,1.4307,1.4307,1.4307,,1.4307,0.0,0.0
2009-02-05,1.4741,1.4741,1.4741,1.4741,,1.4741,0.0,0.0
2009-02-06,1.4645,1.4645,1.4645,1.4645,,1.4645,0.0,0.0
2009-02-09,1.4629,1.4629,1.4629,1.4629,,1.4629,0.0,0.0
2009-02-10,1.4322,1.4322,1.4322,1.4322,,1.4322,0.0,0.0
2009-02-11,1.4281,1.4281,1.4281,1.4281,,1.4281,0.0,0.0
2009-02-12,1.4226,1.4226,1.4226,1.4226,,1.4226,0.0,0.0
2009-02-13,1.4011,1.4011,1.4011,1.4011,,1.4011,0.0,0.0
2009-02-17,1.3175,1.3175,1.3175,1.3175,,1.3175,0.0,0.0
2009-02-18,1.266,1.266,1.266,1.266,,1.266,0.0,0.0
2009-02-19,1.3373,1.3373,1.3373,1.3373,,1.3373,0.0,0.0
2009-02-20,1.3278,1.3278,1.3278,1.3278,,1.3278,0.0,0.0
2009-02-23,1.3106,1.3106,1.3106,1.3106,,1.3106,0.0,0.0
2009-02-24,1.335,1.335,1.335,1.335,,1.335,0.0,0.0
2009-02-26,1.4618,1.4618,1.4618,1.4618,,1.4618,0.0,0.0
2009-02-27,1.4806,1.4806,1.4806,1.4806,,1.4806,0.0,100.0
2009-03-02,1.3898,1.3898,1.3898,1.3898,,1.3898,0.0,100.0
2009-03-03,1.425,1.425,1.425,1.425,,1.425,0.0,100.0
2009-03-04,1.4677,1.4677,1.4677,1.4677,,1.4677,0.0,100.0
2009-03-05,1.4238,1.4238,1.4238,1.4238,,1.4238,0.0,100.0
2009-03-06,1.4618,1.4618,1.4618,1.4618,,1.4618,0.0,100.0
2009-03-09,1.4486,1.4486,1.4486,1.4486,,1.4486,0.0,100.0
2009-03-10,1.4284,1.4284,1.4284,1.4284,,1.4284,0.0,100.0
2009-03-11,1.3786,1.3786,1.3786,1.3786,,1.3786,0.0,100.0
2009-03-12,1.4639,1.4639,1.4639,1.4639,,1.4639,0.0,100.0
2009-03-13,1.4579,1.4579,1.4579,1.4579,,1.4579,0.0,100.0
2009-03-16,1.4729,1.4729,1.4729,1.4729,,1.4729,0.0,100.0
2009-03-17,1.5304,1.5304,1.5304,1.5304,,1.5304,0.0,100.0
2009-03-18,1.5118,1.5118,1.5118,1.5118,,1.5118,0.0,100.0
2009-03-19,1.5969,1.5969,1.5969,1.5969,,1.5969,0.0,100.0
2009-03-20,1.6127,1.6127,1.6127,1.6127,,1.6127,0.0,100.0
2009-03-23,1.664,1.664,1.664,1.664,,1.664,450.0,550.0
2009-03-24,1.6756,1.6756,1.6756,1.6756,,1.6756,0.0,550.0
2009-03-25,1.6481,1.6481,1.6481,1.6481,,1.6481,0.0,550.0
2009-03-26,1.6884,1.6884,1.6884,1.6884,,1.6884,0.0,550.0
2009-03-27,1.6504,1.6504,1.6504,1.6504,,1.6504,0.0,550.0
2009-03-30,1.5621,1.5621,1.5621,1.5621,,1.5621,0.0,550.0
2009-03-31,1.5901,1.5901,1.5901,1.5901,,1.5901,0.0,550.0
2009-04-01,1.6911,1.6911,1.6911,1.6911,,1.6911,0.0,550.0
2009-04-02,1.8036,1.8036,1.8036,1.8036,,1.8036,0.0,550.0
2009-04-03,1.823,1.823,1.823,1.823,,1.823,0.0,550.0
2009-04-06,1.8054,1.8054,1.8054,1.8054,,1.8054,0.0,550.0
2009-04-07,1.7854,1.7854,1.7854,1.7854,,1.7854,0.0,550.0
2009-04-08,1.7761,1.7761,1.7761,1.7761,,1.7761,0.0,550.0
2009-04-09,1.8241,1.8241,1.8241,1.8241,,1.8241,0.0,550.0
2009-04-13,1.8043,1.8043,1.8043,1.8043,,1.8043,0.0,550.0
2009-04-14,1.7935,1.7935,1.7935,1.7935,,1.7935,0.0,550.0
2009-04-15,1.7787,1.7787,1.7787,1.7787,,1.7787,0.0,550.0
2009-04-16,1.7966,1.7966,1.7966,1.7966,,1.7966,0.0,550.0
2009-04-17,1.7986,1.7986,1.7986,1.7986,,1.7986,0.0,550.0
2009-04-20,1.7211,1.7211,1.7211,1.7211,,1.7211,0.0,550.0
2009-04-21,1.7199,1.7199,1.7199,1.7199,,1.7199,0.0,550.0
2009-04-22,1.7114,1.7114,1.7114,1.7114,,1.7114,0.0,550.0
2009-04-23,1.7197,1.7197,1.7197,1.7197,,1.7197,0.0,550.0
2009-04-24,1.7602,1.7602,1.7602,1.7602,,1.7602,0.0,550.0
2009-04-27,1.7254,1.7254,1.7254,1.7254,,1.7254,0.0,550.0
2009-04-28,1.7151,1.7151,1.7151,1.7151,,1.7151,0.0,550.0
2009-04-29,1.7525,1.7525,1.7525,1.7525,,1.7525,0.0,550.0
2009-04-30,1.7656,1.7656,1.7656,1.7656,,1.7656,0.0,550.0
2009-05-01,1.8359,1.8359,1.8359,1.8359,,1.8359,0.0,0.0
2009-05-04,1.8953,1.8953,1.8953,1.8953,,1.8953,0.0,0.0
2009-05-05,1.8806,1.8806,1.8806,1.8806,,1.8806,0.0,0.0
2009-05-06,1.9214,1.9214,1.9214,1.9214,,1.9214,0.0,0.0
2009-05-07,1.9132,1.9132,1.9132,1.9132,,1.9132,0.0,0.0
2009-05-08,1.9413,1.9413,1.9413,1.9413,,1.9413,0.0,0.0
2009-05-11,1.9151,1.9151,1.9151,1.9151,,1.9151,0.0,0.0
2009-05-12,1.9196,1.9196,1.9196,1.9196,,1.9196,0.0,0.0
2009-05-13,1.9062,1.9062,1.9062,1.9062,,1.9062,0.0,0.0
2009-05-14,1.9202,1.9202,1.9202,1.9202,,1.9202,0.0,0.0
2009-05-15,1.866,1.866,1.866,1.866,,1.866,0.0,0.0
2009-05-18,1.9206,1.9206,1.9206,1.9206,,1.9206,0.0,0.0
2009-05-19,1.9188,1.9188,1.9188,1.9188,,1.9188,0.0,0.0
2009-05-20,1.9426,1.9426,1.9426,1.9426,,1.9426,0.0,0.0
2009-05-21,1.9396,1.9396,1.9396,1.9396,,1.9396,0.0,0.0
2009-05-22,1.9676,1.9676,1.9676,1.9676,,1.9676,0.0,0.0
2009-05-26,1.9809,1.9809,1.9809,1.9809,,1.9809,0.0,0.0
2009-05-27,1.9965,1.9965,1.9965,1.9965,,1.9965,0.0,0.0
2009-05-28,2.0363,2.0363,2.0363,2.0363,,2.0363,0.0,0.0
2009-05-29,2.0538,2.0538,2.0538,2.0538,,2.0538,0.0,0.0
2009-06-01,2.105,2.105,2.105,2.105,,2.105,0.0,0.0
2009-06-02,2.1089,2.1089,2.1089,2.1089,,2.1089,0.0,0.0
2009-06-03,2.0834,2.0834,2.0834,2.0834,,2.0834,0.0,0.0
2009-06-04,2.1365,2.1365,2.1365,2.1365,,2.1365,0.0,0.0
2009-06-05,2.1261,2.1261,2.1261,2.1261,,2.1261,0.0,0.0
2009-06-08,2.1222,2.1222,2.1222,2.1222,,2.1222,0.0,0.0
2009-06-09,2.1567,2.1567,2.1567,2.1567,,2.1567,0.0,0.0
2009-06-10,2.1753,2.1753,2.1753,2.1753,,2.1753,0.0,0.0
2009-06-11,2.1989,2.1989,2.1989,2.1989,,2.1989,0.0,0.0
2009-06-12,2.1816,2.1816,2.1816,2.1816,,2.1816,0.0,0.0
2009-06-15,2.1724,2.1724,2.1724,2.1724,,2.1724,0.0,0.0
2009-06-16,2.1669,2.1669,2.1669,2.1669,,2.1669,2.0,2.0
2009-06-17,2.1658,2.1658,2.1658,2.1658,,2.1658,0.0,2.0
2009-06-18,2.1614,2.1614,2.1614,2.1614,,2.1614,0.0,2.0
2009-06-19,2.1022,2.1022,2.1022,2.1022,,2.1022,0.0,2.0
2009-06-22,2.0558,2.0558,2.0558,2.0558,,2.0558,0.0,2.0
2009-06-23,2.1002,2.1002,2.1002,2.1002,,2.1002,0.0,2.0
2009-06-24,2.0842,2.0842,2.0842,2.0842,,2.0842,0.0,2.0
2009-06-25,2.1113,2.1113,2.1113,2.1113,,2.1113,0.0,2.0
2009-06-26,2.082,2.082,2.082,2.082,,2.082,0.0,2.0
2009-06-29,2.1339,2.1339,2.1339,2.1339,,2.1339,0.0,2.0
2009-06-30,2.0978,2.0978,2.0978,2.0978,,2.0978,0.0,2.0
2009-07-01,2.0739,2.0739,2.0739,2.0739,,2.0739,0.0,2.0
2009-07-02,2.0113,2.0113,2.0113,2.0113,,2.0113,0.0,2.0
2009-07-06,1.9551,1.9551,1.9551,1.9551,,1.9551,0.0,2.0
2009-07-07,1.94,1.94,1.94,1.94,,1.94,0.0,2.0
2009-07-08,1.8839,1.8839,1.8839,1.8839,,1.8839,0.0,2.0
2009-07-09,1.9098,1.9098,1.9098,1.9098,,1.9098,0.0,2.0
2009-07-10,1.8994,1.8994,1.8994,1.8994,,1.8994,0.0,2.0
2009-07-13,1.8863,1.8863,1.8863,1.8863,,1.8863,0.0,2.0
2009-07-14,1.8824,1.8824,1.8824,1.8824,,1.8824,0.0,2.0
2009-07-15,1.9312,1.9312,1.9312,1.9312,,1.9312,0.0,2.0
2009-07-16,1.944,1.944,1.944,1.944,,1.944,1.0,2.0
2009-07-17,1.9889,1.9889,1.9889,1.9889,,1.9889,0.0,2.0
2009-07-20,2.0157,2.0157,2.0157,2.0157,,2.0157,0.0,2.0
2009-07-21,2.0248,2.0248,2.0248,2.0248,,2.0248,0.0,2.0
2009-07-22,2.041,2.041,2.041,2.041,,2.041,0.0,2.0
2009-07-23,2.0967,2.0967,2.0967,2.0967,,2.0967,0.0,2.0
2009-07-24,2.112,2.112,2.112,2.112,,2.112,0.0,2.0
2009-07-27,2.1204,2.1204,2.1204,2.1204,,2.1204,0.0,2.0
2009-07-28,2.0985,2.0985,2.0985,2.0985,,2.0985,0.0,2.0
2009-07-29,2.0385,2.0385,2.0385,2.0385,,2.0385,0.0,2.0
2009-07-30,2.1381,2.1381,2.1381,2.1381,,2.1381,0.0,2.0
2009-07-31,2.1631,2.1631,2.1631,2.1631,,2.1631,0.0,2.0
2009-08-03,2.2174,2.2174,2.2174,2.2174,,2.2174,0.0,2.0
2009-08-04,2.2061,2.2061,2.2061,2.2061,,2.2061,0.0,2.0
2009-08-05,2.2154,2.2154,2.2154,2.2154,,2.2154,0.0,2.0
2009-08-06,2.2255,2.2255,2.2255,2.2255,,2.2255,0.0,2.0
2009-08-07,2.1834,2.1834,2.1834,2.1834,,2.1834,0.0,2.0
2009-08-10,2.1937,2.1937,2.1937,2.1937,,2.1937,0.0,2.0
2009-08-11,2.1646,2.1646,2.1646,2.1646,,2.1646,0.0,2.0
2009-08-12,2.1605,2.1605,2.1605,2.1605,,2.1605,0.0,2.0
2009-08-13,2.1652,2.1652,2.1652,2.1652,,2.1652,0.0,2.0
2009-08-14,2.0952,2.0952,2.0952,2.0952,,2.0952,0.0,2.0
2009-08-17,2.097,2.097,2.097,2.097,,2.097,0.0,2.0
2009-08-18,2.147,2.147,2.147,2.147,,2.147,0.0,2.0
2009-08-19,2.1815,2.1815,2.1815,2.1815,,2.1815,0.0,2.0
2009-08-20,2.1567,2.1567,2.1567,2.1567,,2.1567,0.0,2.0
2009-08-21,2.1786,2.1786,2.1786,2.1786,,2.1786,0.0,2.0
2009-08-24,2.205,2.205,2.205,2.205,,2.205,0.0,2.0
2009-08-25,2.1482,2.1482,2.1482,2.1482,,2.1482,0.0,2.0
2009-08-26,2.1348,2.1348,2.1348,2.1348,,2.1348,0.0,2.0
2009-08-27,2.1666,2.1666,2.1666,2.1666,,2.1666,0.0,2.0
2009-08-28,2.1674,2.1674,2.1674,2.1674,,2.1674,0.0,2.0
2009-08-31,2.0845,2.0845,2.0845,2.0845,,2.0845,0.0,2.0
2009-09-01,2.0348,2.0348,2.0348,2.0348,,2.0348,0.0,2.0
2009-09-02,2.0443,2.0443,2.0443,2.0443,,2.0443,0.0,2.0
2009-09-03,2.0316,2.0316,2.0316,2.0316,,2.0316,0.0,2.0
2009-09-04,2.0224,2.0224,2.0224,2.0224,,2.0224,0.0,2.0
2009-09-08,2.0812,2.0812,2.0812,2.0812,,2.0812,0.0,2.0
2009-09-09,2.0899,2.0899,2.0899,2.0899,,2.0899,0.0,2.0
2009-09-10,2.0913,2.0913,2.0913,2.0913,,2.0913,0.0,2.0
2009-09-11,2.0368,2.0368,2.0368,2.0368,,2.0368,0.0,2.0
2009-09-14,2.0303,2.0303,2.0303,2.0303,,2.0303,0.0,2.0
2009-09-15,2.0665,2.0665,2.0665,2.0665,,2.0665,0.0,2.0
2009-09-16,2.1108,2.1108,2.1108,2.1108,,2.1108,0.0,2.0
2009-09-17,2.1096,2.1096,2.1096,2.1096,,2.1096,0.0,2.0
2009-09-18,2.0951,2.0951,2.0951,2.0951,,2.0951,0.0,2.0
2009-09-21,2.0285,2.0285,2.0285,2.0285,,2.0285,0.0,2.0
2009-09-22,2.07,2.07,2.07,2.07,,2.07,0.0,2.0
2009-09-23,2.0176,2.0176,2.0176,2.0176,,2.0176,0.0,2.0
2009-09-24,1.951,1.951,1.951,1.951,,1.951,0.0,2.0
2009-09-25,1.9436,1.9436,1.9436,1.9436,,1.9436,0.0,2.0
2009-09-28,1.9594,1.9594,1.9594,1.9594,,1.9594,0.0,2.0
2009-09-29,1.952,1.952,1.952,1.952,,1.952,0.0,2.0
2009-09-30,2.0528,2.0528,2.0528,2.0528,,2.0528,0.0,2.0
2009-10-01,1.9493,1.9493,1.9493,1.9493,,1.9493,0.0,2.0
2009-10-02,1.9246,1.9246,1.9246,1.9246,,1.9246,0.0,2.0
2009-10-05,1.9344,1.9344,1.9344,1.9344,,1.9344,0.0,2.0
2009-10-06,1.9508,1.9508,1.9508,1.9508,,1.9508,0.0,2.0
2009-10-07,1.9122,1.9122,1.9122,1.9122,,1.9122,0.0,2.0
2009-10-08,1.9749,1.9749,1.9749,1.9749,,1.9749,0.0,2.0
2009-10-09,1.9727,1.9727,1.9727,1.9727,,1.9727,0.0,2.0
2009-10-12,2.0131,2.0131,2.0131,2.0131,,2.0131,0.0,2.0
2009-10-13,2.0414,2.0414,2.0414,2.0414,,2.0414,0.0,2.0
2009-10-14,2.0636,2.0636,2.0636,2.0636,,2.0636,0.0,2.0
2009-10-15,2.1218,2.1218,2.1218,2.1218,,2.1218,0.0,2.0
2009-10-16,2.1415,2.1415,2.1415,2.1415,,2.1415,0.0,2.0
2009-10-19,2.1463,2.1463,2.1463,2.1463,,2.1463,0.0,2.0
2009-10-20,2.1379,2.1379,2.1379,2.1379,,2.1379,0.0,2.0
2009-10-21,2.1912,2.1912,2.1912,2.1912,,2.1912,0.0,2.0
2009-10-22,2.1904,2.1904,2.1904,2.1904,,2.1904,0.0,2.0
2009-10-26,2.1439,2.1439,2.1439,2.1439,,2.1439,0.0,2.0
2009-10-27,2.1503,2.1503,2.1503,2.1503,,2.1503,0.0,2.0
2009-10-28,2.0965,2.0965,2.0935,2.0935,,2.0935,0.0,2.0
2009-10-29,2.1518,2.1518,2.1518,2.1518,,2.1518,0.0,2.0
2009-10-30,2.0956,2.0956,2.0956,2.0956,,2.0956,0.0,2.0
2009-11-02,2.1188,2.1188,2.1188,2.1188,,2.1188,0.0,2.0
2009-11-03,2.1558,2.1558,2.1558,2.1558,,2.1558,0.0,2.0
2009-11-04,2.1957,2.1957,2.1957,2.1957,,2.1957,0.0,2.0
2009-11-05,2.1651,2.1651,2.1651,2.1651,,2.1651,0.0,2.0
2009-11-06,2.1087,2.1087,2.1087,2.1087,,2.1087,0.0,2.0
2009-11-09,2.1556,2.1556,2.1556,2.1556,,2.1556,0.0,2.0
2009-11-10,2.1434,2.1434,2.1434,2.1434,,2.1434,0.0,2.0
2009-11-11,2.1535,2.1535,2.1535,2.1535,,2.1535,0.0,2.0
2009-11-12,2.1106,2.1111,2.1106,2.1106,,2.1106,0.0,2.0
2009-11-13,2.0929,2.0929,2.0929,2.0929,,2.0929,0.0,2.0
2009-11-16,2.1598,2.1598,2.1598,2.1598,,2.1598,0.0,2.0
2009-11-17,2.1728,2.1728,2.1728,2.1728,,2.1728,0.0,2.0
2009-11-18,2.1801,2.1801,2.1801,2.1801,,2.1801,0.0,2.0
2009-11-19,2.1395,2.1395,2.1395,2.1395,,2.1395,0.0,2.0
2009-11-20,2.1329,2.1329,2.1329,2.1329,,2.1329,0.0,2.0
2009-11-23,2.1465,2.1465,2.1465,2.1465,,2.1465,0.0,2.0
2009-11-24,2.1184,2.1184,2.1184,2.1184,,2.1184,0.0,2.0
2009-11-25,2.1818,2.1818,2.1818,2.1818,,2.1818,0.0,2.0
2009-11-27,2.1322,2.1322,2.1322,2.1322,,2.1322,0.0,2.0
2009-11-30,2.1836,2.1836,2.1836,2.1836,,2.1836,0.0,2.0
2009-12-01,2.2124,2.2124,2.2124,2.2124,,2.2124,0.0,1029.0
2009-12-02,2.1816,2.1816,2.1816,2.1816,,2.1816,0.0,1029.0
2009-12-03,2.1927,2.1927,2.1927,2.1927,,2.1927,0.0,1029.0
2009-12-04,2.1725,2.1747,2.1725,2.1747,,2.1747,10.0,1034.0
2009-12-07,2.1453,2.1453,2.1453,2.1453,,2.1453,24.0,1034.0
2009-12-08,2.1216,2.1221,2.1216,2.1216,,2.1216,0.0,1034.0
2009-12-09,2.0542,2.0542,2.0542,2.0542,,2.0542,20.0,1054.0
2009-12-10,2.0443,2.0443,2.0443,2.0443,,2.0443,0.0,1054.0
2009-12-11,2.0472,2.0472,2.0472,2.0472,,2.0472,0.0,1054.0
2009-12-14,2.04,2.04,2.04,2.04,,2.04,0.0,1054.0
2009-12-15,2.0456,2.0456,2.0456,2.0456,,2.0456,0.0,1054.0
2009-12-16,2.0701,2.0701,2.0701,2.0701,,2.0701,0.0,1054.0
2009-12-17,2.0527,2.0527,2.0527,2.0527,,2.0527,0.0,1054.0
2009-12-18,2.075,2.075,2.075,2.075,,2.075,0.0,1054.0
2009-12-21,2.0528,2.0528,2.0528,2.0528,,2.0528,0.0,1054.0
2009-12-22,2.049,2.0644,2.049,2.0644,,2.0644,0.0,1054.0
2009-12-23,2.118,2.118,2.118,2.118,,2.118,20.0,1054.0
2009-12-24,2.1423,2.1423,2.1423,2.1423,,2.1423,0.0,1054.0
2009-12-28,2.1706,2.1706,2.1706,2.1706,,2.1706,0.0,1054.0
2009-12-29,2.1633,2.1633,2.1633,2.1633,,2.1633,0.0,1054.0
2009-12-30,2.18,2.18,2.18,2.18,,2.18,0.0,1054.0
2009-12-31,2.1739,2.1739,2.1739,2.1739,,2.1739,0.0,1054.0
2010-01-04,2.2278,2.2278,2.2278,2.2278,,2.2278,0.0,2.0
2010-01-06,2.2619,2.2619,2.2619,2.2619,,2.2619,0.0,2.0
2010-01-07,2.2496,2.2496,2.2496,2.2496,,2.2496,0.0,2.0
2010-01-08,2.2539,2.2556,2.2539,2.2539,,2.2539,0.0,2.0
2010-01-11,2.2464,2.2534,2.2464,2.2464,,2.2464,0.0,2.0
2010-01-12,2.2029,2.2029,2.2029,2.2029,,2.2029,0.0,2.0
2010-01-13,2.1786,2.1786,2.1786,2.1786,,2.1786,0.0,2.0
2010-01-14,2.1781,2.1781,2.1781,2.1781,,2.1781,0.0,2.0
2010-01-15,2.1537,2.1537,2.1537,2.1537,,2.1537,0.0,2.0
2010-01-19,2.1628,2.1628,2.1628,2.1628,,2.1628,0.0,2.0
2010-01-20,2.1383,2.1383,2.1383,2.1383,,2.1383,0.0,2.0
2010-01-21,2.0916,2.0916,2.0916,2.0916,,2.0916,1.0,3.0
2010-01-22,2.0551,2.0551,2.0551,2.0551,,2.0551,0.0,3.0
2010-01-25,2.0726,2.0726,2.0726,2.0726,,2.0726,0.0,3.0
2010-01-26,2.0556,2.0556,2.0556,2.0556,,2.0556,0.0,3.0
2010-01-27,2.0307,2.0307,2.0307,2.0307,,2.0307,0.0,3.0
2010-01-28,2.0213,2.0213,2.0213,2.0213,,2.0213,0.0,3.0
2010-01-29,2.0081,2.0081,2.0081,2.0081,,2.0081,0.0,3.0
2010-02-01,2.0601,2.0601,2.0601,2.0601,,2.0601,0.0,2.0
2010-02-02,2.1284,2.1284,2.1284,2.1284,,2.1284,0.0,2.0
2010-02-03,2.1323,2.1323,2.1323,2.1323,,2.1323,0.0,2.0
2010-02-04,2.0439,2.0439,2.0439,2.0439,,2.0439,0.0,2.0
2010-02-05,1.9901,1.9906,1.9901,1.9901,,1.9901,0.0,2.0
2010-02-08,2.0017,2.0017,2.0017,2.0017,,2.0017,0.0,2.0
2010-02-09,2.0472,2.0472,2.0472,2.0472,,2.0472,0.0,2.0
2010-02-10,2.0575,2.0575,2.0575,2.0575,,2.0575,0.0,2.0
2010-02-11,2.0761,2.0761,2.0761,2.0761,,2.0761,0.0,2.0
2010-02-12,2.0545,2.0545,2.0545,2.0545,,2.0545,0.0,2.0
2010-02-16,2.1126,2.1126,2.1126,2.1126,,2.1126,0.0,2.0
2010-02-17,2.123,2.123,2.123,2.123,,2.123,0.0,2.0
2010-02-18,2.1567,2.1567,2.1567,2.1567,,2.1567,0.0,2.0
2010-02-19,2.1553,2.1553,2.1553,2.1553,,2.1553,0.0,2.0
2010-02-22,2.1642,2.1642,2.1642,2.1642,,2.1642,0.0,2.0
2010-02-24,2.1537,2.1537,2.1537,2.1537,,2.1537,0.0,2.0
2010-02-25,2.1062,2.1062,2.1062,2.1062,,2.1062,0.0,2.0
2010-02-26,2.1457,2.1457,2.1457,2.1457,,2.1457,0.0,2.0
2010-03-01,2.1425,2.1425,2.1425,2.1425,,2.1425,0.0,2.0
2010-03-02,2.1696,2.1696,2.1696,2.1696,,2.1696,0.0,2.0
2010-03-03,2.1925,2.1939,2.1925,2.1925,,2.1925,0.0,2.0
2010-03-04,2.1852,2.1852,2.1852,2.1852,,2.1852,0.0,2.0
2010-03-05,2.2203,2.2203,2.2182,2.2203,,2.2203,0.0,2.0
2010-03-08,2.2315,2.2315,2.2315,2.2315,,2.2315,0.0,2.0
2010-03-09,2.2113,2.2113,2.2113,2.2113,,2.2113,0.0,2.0
2010-03-10,2.2245,2.2245,2.2245,2.2245,,2.2245,0.0,2.0
2010-03-11,2.2193,2.2193,2.2193,2.2193,,2.2193,0.0,2.0
2010-03-12,2.1941,2.1941,2.1941,2.1941,,2.1941,0.0,2.0
2010-03-15,2.1554,2.1591,2.1554,2.1554,,2.1554,0.0,2.0
2010-03-16,2.1878,2.1918,2.1878,2.1878,,2.1878,0.0,2.0
2010-03-17,2.2158,2.2158,2.2158,2.2158,,2.2158,0.0,2.0
2010-03-18,2.2028,2.2028,2.2028,2.2028,,2.2028,0.0,2.0
2010-03-19,2.1642,2.1642,2.1642,2.1642,,2.1642,0.0,2.0
2010-03-22,2.1738,2.1738,2.1738,2.1738,,2.1738,0.0,2.0
2010-03-23,2.1831,2.1831,2.1831,2.1831,,2.1831,0.0,2.0
2010-03-24,2.1576,2.1576,2.1576,2.1576,,2.1576,0.0,2.0
2010-03-25,2.1598,2.1598,2.1598,2.1598,,2.1598,0.0,2.0
2010-03-26,2.1484,2.1484,2.1484,2.1484,,2.1484,0.0,2.0
2010-03-29,2.1902,2.1902,2.1902,2.1902,,2.1902,0.0,2.0
2010-03-30,2.1916,2.1916,2.1916,2.1916,,2.1916,0.0,2.0
2010-03-31,2.2318,2.2318,2.2318,2.2318,,2.2318,0.0,2.0
2010-04-01,2.3724,2.3809,2.3724,2.3724,,2.3724,0.0,2.0
2010-04-05,2.4123,2.4123,2.4123,2.4123,,2.4123,0.0,2.0
2010-04-06,2.4236,2.4236,2.4236,2.4236,,2.4236,0.0,2.0
2010-04-07,2.419,2.419,2.419,2.419,,2.419,0.0,2.0
2010-04-08,2.4192,2.4192,2.4192,2.4192,,2.4192,0.0,2.0
2010-04-09,2.4214,2.4214,2.4214,2.4214,,2.4214,0.0,2.0
2010-04-12,2.4255,2.4255,2.4255,2.4255,,2.4255,0.0,2.0
2010-04-13,2.4223,2.4223,2.4223,2.4223,,2.4223,0.0,2.0
2010-04-14,2.4506,2.4506,2.4506,2.4506,,2.4506,0.0,2.0
2010-04-15,2.4642,2.4642,2.4642,2.4642,,2.4642,0.0,2.0
2010-04-16,2.4317,2.4317,2.4317,2.4317,,2.4317,0.0,2.0
2010-04-19,2.3987,2.4027,2.3987,2.3987,,2.3987,0.0,2.0
2010-04-20,2.4159,2.4159,2.4159,2.4159,,2.4159,0.0,2.0
2010-04-21,2.4344,2.4344,2.4344,2.4344,,2.4344,0.0,2.0
2010-04-22,2.444,2.444,2.444,2.444,,2.444,0.0,2.0
2010-04-23,2.4786,2.4786,2.4786,2.4786,,2.4786,0.0,2.0
2010-04-26,2.4717,2.4717,2.4717,2.4717,,2.4717,0.0,2.0
2010-04-27,2.4557,2.4557,2.4557,2.4557,,2.4557,0.0,2.0
2010-04-28,2.4637,2.4637,2.4637,2.4637,,2.4637,0.0,2.0
2010-04-29,2.4832,2.4832,2.4832,2.4832,,2.4832,0.0,2.0
2010-04-30,2.5087,2.5091,2.5087,2.5087,,2.5087,0.0,2.0
2010-05-03,2.5512,2.5512,2.5512,2.5512,,2.5512,0.0,2.0
2010-05-04,2.4658,2.4658,2.4658,2.4658,,2.4658,0.0,2.0
2010-05-05,2.3979,2.3979,2.3979,2.3979,,2.3979,0.0,2.0
2010-05-06,2.3339,2.3339,2.3339,2.3339,,2.3339,0.0,2.0
2010-05-07,2.3132,2.3132,2.3132,2.3132,,2.3132,0.0,2.0
2010-05-10,2.3544,2.3544,2.3544,2.3544,,2.3544,0.0,2.0
2010-05-11,2.3636,2.3636,2.3636,2.3636,,2.3636,0.0,2.0
2010-05-12,2.3761,2.3761,2.3761,2.3761,,2.3761,0.0,2.0
2010-05-13,2.3511,2.3511,2.3511,2.3511,,2.3511,0.0,2.0
2010-05-14,2.2714,2.2714,2.2714,2.2714,,2.2714,0.0,2.0
2010-05-17,2.1954,2.1954,2.1954,2.1954,,2.1954,0.0,2.0
2010-05-18,2.1842,2.1842,2.1842,2.1842,,2.1842,0.0,2.0
2010-05-19,2.1597,2.1597,2.1597,2.1597,,2.1597,0.0,2.0
2010-05-20,2.1146,2.1146,2.1146,2.1146,,2.1146,0.0,2.0
2010-05-21,2.1167,2.1167,2.1167,2.1167,,2.1167,2.0,4.0
2010-05-24,2.1166,2.1179,2.1166,2.1166,,2.1166,0.0,4.0
2010-05-25,2.0809,2.0809,2.0809,2.0809,,2.0809,0.0,4.0
2010-05-26,2.1285,2.1285,2.1285,2.1285,,2.1285,0.0,4.0
2010-05-27,2.2053,2.2053,2.2053,2.2053,,2.2053,0.0,4.0
2010-05-28,2.2054,2.2054,2.2054,2.2054,,2.2054,0.0,4.0
2010-06-01,2.1664,2.1664,2.1664,2.1664,,2.1664,0.0,4.0
2010-06-02,2.2005,2.2005,2.2005,2.2005,,2.2005,0.0,4.0
2010-06-03,2.2409,2.2409,2.2409,2.2409,,2.2409,0.0,4.0
2010-06-04,2.158,2.158,2.158,2.158,,2.158,0.0,4.0
2010-06-07,2.1685,2.1685,2.1685,2.1685,,2.1685,0.0,4.0
2010-06-08,2.1614,2.1614,2.1604,2.1614,,2.1614,0.0,4.0
2010-06-09,2.2045,2.2045,2.2045,2.2045,,2.2045,0.0,4.0
2010-06-10,2.2339,2.2339,2.2339,2.2339,,2.2339,0.0,4.0
2010-06-11,2.2146,2.2146,2.2146,2.2146,,2.2146,0.0,4.0
2010-06-14,2.2269,2.2269,2.2269,2.2269,,2.2269,0.0,4.0
2010-06-15,2.2544,2.2544,2.2544,2.2544,,2.2544,0.0,4.0
2010-06-16,2.274,2.274,2.274,2.274,,2.274,0.0,4.0
2010-06-17,2.2799,2.2799,2.2799,2.2799,,2.2799,0.0,4.0
2010-06-18,2.2747,2.2747,2.2747,2.2747,,2.2747,0.0,4.0
2010-06-21,2.2766,2.2766,2.2766,2.2766,,2.2766,0.0,4.0
2010-06-22,2.2592,2.2592,2.2592,2.2592,,2.2592,0.0,4.0
2010-06-23,2.2128,2.2128,2.2128,2.2128,,2.2128,0.0,4.0
2010-06-24,2.2161,2.2161,2.2161,2.2161,,2.2161,0.0,4.0
2010-06-25,2.261,2.261,2.261,2.261,,2.261,0.0,4.0
2010-06-28,2.2458,2.2458,2.2458,2.2458,,2.2458,0.0,4.0
2010-06-29,2.1912,2.1912,2.1912,2.1912,,2.1912,0.0,4.0
2010-06-30,2.1804,2.1804,2.1804,2.1804,,2.1804,0.0,4.0
2010-07-01,2.1143,2.1143,2.1143,2.1143,,2.1143,0.0,2.0
2010-07-02,2.0922,2.0922,2.0922,2.0922,,2.0922,0.0,2.0
2010-07-06,2.0926,2.0926,2.0926,2.0926,,2.0926,0.0,2.0
2010-07-07,2.1448,2.1448,2.1448,2.1448,,2.1448,0.0,2.0
2010-07-08,2.1776,2.1776,2.1776,2.1776,,2.1776,0.0,2.0
2010-07-09,2.1883,2.1883,2.1883,2.1883,,2.1883,0.0,2.0
2010-07-12,2.1581,2.1581,2.1581,2.1581,,2.1581,0.0,2.0
2010-07-13,2.211,2.211,2.211,2.211,,2.211,0.0,2.0
2010-07-14,2.2054,2.2054,2.2054,2.2054,,2.2054,0.0,2.0
2010-07-15,2.1998,2.1998,2.1998,2.1998,,2.1998,0.0,2.0
2010-07-16,2.1912,2.1912,2.1912,2.1912,,2.1912,0.0,2.0
2010-07-19,2.1906,2.1906,2.1906,2.1906,,2.1906,0.0,2.0
2010-07-20,2.1939,2.1939,2.1939,2.1939,,2.1939,0.0,2.0
2010-07-21,2.1864,2.1864,2.1864,2.1864,,2.1864,0.0,2.0
2010-07-22,2.2407,2.2407,2.2405,2.2407,,2.2407,0.0,2.0
2010-07-23,2.2325,2.2325,2.2325,2.2325,,2.2325,0.0,2.0
2010-07-26,2.2317,2.2317,2.2317,2.2317,,2.2317,0.0,2.0
2010-07-27,2.2021,2.2021,2.2021,2.2021,,2.2021,0.0,2.0
2010-07-28,2.2024,2.2024,2.2024,2.2024,,2.2024,0.0,2.0
2010-07-29,2.236,2.236,2.236,2.236,,2.236,0.0,2.0
2010-07-30,2.2513,2.2513,2.2513,2.2513,,2.2513,0.0,2.0
2010-08-02,2.2918,2.2918,2.2918,2.2918,,2.2918,0.0,2.0
2010-08-03,2.3171,2.3171,2.3171,2.3171,,2.3171,0.0,2.0
2010-08-04,2.3186,2.3186,2.3186,2.3186,,2.3186,0.0,2.0
2010-08-05,2.3083,2.3083,2.3083,2.3083,,2.3083,0.0,2.0
2010-08-06,2.2784,2.2784,2.2784,2.2784,,2.2784,0.0,2.0
2010-08-09,2.2963,2.2963,2.2963,2.2963,,2.2963,0.0,2.0
2010-08-10,2.2747,2.2747,2.2747,2.2747,,2.2747,0.0,2.0
2010-08-11,2.2202,2.2202,2.2202,2.2202,,2.2202,0.0,2.0
2010-08-12,2.1549,2.1549,2.1549,2.1549,,2.1549,0.0,2.0
2010-08-13,2.1436,2.1436,2.1436,2.1436,,2.1436,0.0,2.0
2010-08-16,2.1472,2.1472,2.1472,2.1472,,2.1472,0.0,2.0
2010-08-17,2.1749,2.1749,2.1749,2.1749,,2.1749,0.0,2.0
2010-08-18,2.1746,2.1746,2.1746,2.1746,,2.1746,0.0,2.0
2010-08-19,2.143,2.143,2.143,2.143,,2.143,0.0,2.0
2010-08-20,2.1344,2.1344,2.1344,2.1344,,2.1344,0.0,2.0
2010-08-23,2.1113,2.1113,2.1113,2.1113,,2.1113,0.0,2.0
2010-08-24,2.0897,2.0897,2.0897,2.0897,,2.0897,0.0,2.0
2010-08-25,2.1114,2.1114,2.1114,2.1114,,2.1114,0.0,2.0
2010-08-26,2.1578,2.1578,2.1578,2.1578,,2.1578,0.0,2.0
2010-08-27,2.2013,2.2038,2.2013,2.2013,,2.2013,0.0,2.0
2010-08-30,2.1953,2.1953,2.1953,2.1953,,2.1953,0.0,2.0
2010-08-31,2.154,2.154,2.154,2.154,,2.154,0.0,2.0
2010-09-01,2.1788,2.1788,2.1788,2.1788,,2.1788,0.0,5.0
2010-09-02,2.1952,2.1952,2.1952,2.1952,,2.1952,0.0,5.0
2010-09-03,2.191,2.191,2.191,2.191,,2.191,0.0,5.0
2010-09-07,2.203,2.203,2.203,2.203,,2.203,0.0,5.0
2010-09-09,2.1966,2.1966,2.1966,2.1966,,2.1966,0.0,5.0
2010-09-10,2.21,2.2107,2.21,2.21,,2.21,0.0,5.0
2010-09-13,2.218,2.218,2.218,2.218,,2.218,0.0,5.0
2010-09-14,2.2177,2.2177,2.2177,2.2177,,2.2177,0.0,5.0
2010-09-15,2.2209,2.2209,2.2209,2.2209,,2.2209,0.0,5.0
2010-09-16,2.1923,2.1923,2.1923,2.1923,,2.1923,0.0,5.0
2010-09-17,2.1935,2.1935,2.1935,2.1935,,2.1935,0.0,5.0
2010-09-20,2.2171,2.2171,2.2171,2.2171,,2.2171,3.0,5.0
2010-09-21,2.1901,2.1901,2.1901,2.1901,,2.1901,0.0,5.0
2010-09-22,2.1834,2.1834,2.1834,2.1834,,2.1834,0.0,5.0
2010-09-23,2.1862,2.1862,2.1862,2.1862,,2.1862,0.0,5.0
2010-09-24,2.205,2.205,2.205,2.205,,2.205,0.0,5.0
2010-09-27,2.1996,2.1996,2.1996,2.1996,,2.1996,0.0,5.0
2010-09-29,2.2391,2.2391,2.2391,2.2391,,2.2391,0.0,5.0
2010-09-30,2.2714,2.2714,2.2714,2.2714,,2.2714,0.0,5.0
2010-10-01,2.1997,2.1997,2.1997,2.1997,,2.1997,0.0,2.0
2010-10-04,2.1883,2.1888,2.1883,2.1883,,2.1883,0.0,2.0
2010-10-05,2.2241,2.2241,2.2241,2.2241,,2.2241,0.0,2.0
2010-10-06,2.2266,2.2266,2.2266,2.2266,,2.2266,0.0,2.0
2010-10-07,2.1942,2.1942,2.1942,2.1942,,2.1942,40.0,42.0
2010-10-08,2.209,2.209,2.209,2.209,,2.209,0.0,42.0
2010-10-11,2.2012,2.2012,2.2011,2.2012,,2.2012,0.0,42.0
2010-10-12,2.1898,2.1898,2.1898,2.1898,,2.1898,0.0,42.0
2010-10-13,2.2146,2.2146,2.2146,2.2146,,2.2146,0.0,42.0
2010-10-14,2.2018,2.2018,2.2018,2.2018,,2.2018,0.0,42.0
2010-10-15,2.1669,2.1669,2.1669,2.1669,,2.1669,0.0,42.0
2010-10-18,2.2107,2.2107,2.2107,2.2107,,2.2107,0.0,42.0
2010-10-19,2.1294,2.1294,2.1294,2.1294,,2.1294,0.0,42.0
2010-10-20,2.1753,2.1753,2.1753,2.1753,,2.1753,0.0,42.0
2010-10-21,2.1371,2.1371,2.1371,2.1371,,2.1371,0.0,42.0
2010-10-22,2.1666,2.1666,2.1666,2.1666,,2.1666,0.0,42.0
2010-10-25,2.1826,2.1826,2.1826,2.1826,,2.1826,0.0,42.0
2010-10-26,2.1828,2.1828,2.1828,2.1828,,2.1828,0.0,42.0
2010-10-27,2.1766,2.1766,2.1766,2.1766,,2.1766,0.0,42.0
2010-10-28,2.1825,2.1825,2.1825,2.1825,,2.1825,0.0,42.0
2010-10-29,2.1643,2.1643,2.1643,2.1643,,2.1643,0.0,42.0
2010-11-01,2.1861,2.1861,2.1861,2.1861,,2.1861,0.0,42.0
2010-11-02,2.2086,2.2086,2.2086,2.2086,,2.2086,0.0,42.0
2010-11-03,2.2276,2.2276,2.2276,2.2276,,2.2276,0.0,42.0
2010-11-04,2.2602,2.2602,2.2602,2.2602,,2.2602,0.0,42.0
2010-11-05,2.2664,2.2664,2.2664,2.2664,,2.2664,0.0,42.0
2010-11-08,2.274,2.274,2.274,2.274,,2.274,0.0,42.0
2010-11-09,2.2666,2.2666,2.2666,2.2666,,2.2666,0.0,42.0
2010-11-10,2.2823,2.2823,2.2823,2.2823,,2.2823,0.0,42.0
2010-11-11,2.2826,2.2826,2.2826,2.2826,,2.2826,0.0,42.0
2010-11-12,2.2202,2.2202,2.2202,2.2202,,2.2202,0.0,42.0
2010-11-15,2.2184,2.2184,2.2184,2.2184,,2.2184,0.0,42.0
2010-11-16,2.1676,2.1676,2.1676,2.1676,,2.1676,0.0,42.0
2010-11-17,2.137,2.137,2.137,2.137,,2.137,0.0,42.0
2010-11-18,2.1682,2.1682,2.1682,2.1682,,2.1682,0.0,42.0
2010-11-19,2.1426,2.1426,2.1426,2.1426,,2.1426,0.0,42.0
2010-11-22,2.1343,2.1343,2.1343,2.1343,,2.1343,0.0,42.0
2010-11-23,2.1274,2.1274,2.1274,2.1274,,2.1274,0.0,42.0
2010-11-24,2.1931,2.1931,2.1931,2.1931,,2.1931,0.0,42.0
2010-11-26,2.1875,2.1875,2.1875,2.1875,,2.1875,0.0,42.0
2010-11-29,2.2338,2.2338,2.2338,2.2338,,2.2338,0.0,42.0
2010-11-30,2.1916,2.1916,2.1906,2.1916,,2.1916,0.0,42.0
2010-12-01,2.2515,2.2515,2.2515,2.2515,,2.2515,0.0,2083.0
2010-12-02,2.2563,2.2563,2.2563,2.2563,,2.2563,150.0,2119.0
2010-12-03,2.2417,2.2417,2.2417,2.2417,,2.2417,0.0,2119.0
2010-12-06,2.2335,2.2335,2.2335,2.2335,,2.2335,0.0,2119.0
2010-12-07,2.2327,2.2327,2.2327,2.2327,,2.2327,0.0,2119.0
2010-12-08,2.2394,2.2394,2.2394,2.2394,,2.2394,0.0,2119.0
2010-12-09,2.236,2.2431,2.236,2.2431,,2.2431,275.0,2033.0
2010-12-10,2.2243,2.2243,2.2243,2.2243,,2.2243,4.0,2033.0
2010-12-13,2.2414,2.2414,2.2414,2.2414,,2.2414,0.0,2033.0
2010-12-14,2.2413,2.2413,2.2403,2.2413,,2.2413,0.0,2033.0
2010-12-15,2.2598,2.2598,2.2598,2.2598,,2.2598,0.0,2033.0
2010-12-16,2.2529,2.2529,2.2529,2.2529,,2.2529,0.0,2033.0
2010-12-17,2.2564,2.2564,2.2564,2.2564,,2.2564,1.0,2032.0
2010-12-20,2.2858,2.2858,2.2858,2.2858,,2.2858,0.0,2032.0
2010-12-21,2.28,2.288,2.28,2.288,,2.288,0.0,2032.0
2010-12-22,2.2895,2.2895,2.2895,2.2895,,2.2895,18.0,2034.0
2010-12-23,2.3102,2.3102,2.3102,2.3102,,2.3102,25.0,2059.0
2010-12-27,2.2975,2.2975,2.2975,2.2975,,2.2975,25.0,2084.0
2010-12-28,2.2966,2.2966,2.2966,2.2966,,2.2966,0.0,2084.0
2010-12-29,2.3024,2.3024,2.3024,2.3024,,2.3024,0.0,2084.0
2010-12-30,2.2897,2.2897,2.2897,2.2897,,2.2897,0.0,2084.0
2010-12-31,2.3242,2.3242,2.3242,2.3242,,2.3242,0.0,0.0
2011-01-03,2.3355,2.3355,2.3355,2.3355,,2.3355,0.0,0.0
2011-01-04,2.3261,2.3261,2.3261,2.3261,,2.3261,0.0,0.0
2011-01-05,2.3566,2.3566,2.3566,2.3566,,2.3566,0.0,0.0
2011-01-06,2.3471,2.3471,2.3471,2.3471,,2.3471,0.0,0.0
2011-01-07,2.3188,2.3188,2.3188,2.3188,,2.3188,0.0,0.0
2011-01-10,2.3661,2.3661,2.3661,2.3661,,2.3661,0.0,0.0
2011-01-11,2.4052,2.4052,2.4052,2.4052,,2.4052,0.0,0.0
2011-01-12,2.4069,2.4069,2.4069,2.4069,,2.4069,0.0,0.0
2011-01-13,2.391,2.391,2.391,2.391,,2.391,0.0,0.0
2011-01-14,2.4177,2.4177,2.4177,2.4177,,2.4177,0.0,0.0
2011-01-18,2.4122,2.4122,2.4122,2.4122,,2.4122,0.0,0.0
2011-01-19,2.4173,2.4173,2.4173,2.4173,,2.4173,0.0,0.0
2011-01-20,2.3891,2.3891,2.3891,2.3891,,2.3891,0.0,0.0
2011-01-21,2.4222,2.4222,2.4222,2.4222,,2.4222,0.0,0.0
2011-01-24,2.4071,2.4071,2.4071,2.4071,,2.4071,0.0,0.0
2011-01-25,2.3687,2.3687,2.3687,2.3687,,2.3687,0.0,0.0
2011-01-26,2.4391,2.4391,2.4391,2.4391,,2.4391,0.0,0.0
2011-01-27,2.4166,2.4166,2.4166,2.4166,,2.4166,0.0,0.0
2011-01-28,2.4808,2.4808,2.4808,2.4808,,2.4808,0.0,0.0
2011-01-31,2.5086,2.5086,2.5086,2.5086,,2.5086,0.0,0.0
2011-02-01,2.5276,2.5276,2.5276,2.5276,,2.5276,0.0,0.0
2011-02-02,2.5377,2.5377,2.5377,2.5377,,2.5377,0.0,0.0
2011-02-03,2.5388,2.5388,2.5388,2.5388,,2.5388,0.0,0.0
2011-02-04,2.4924,2.4924,2.4924,2.4924,,2.4924,0.0,0.0
2011-02-07,2.4923,2.4923,2.4923,2.4923,,2.4923,0.0,0.0
2011-02-08,2.5151,2.5151,2.5151,2.5151,,2.5151,0.0,0.0
2011-02-09,2.5541,2.5541,2.5541,2.5541,,2.5541,0.0,0.0
2011-02-10,2.5207,2.5207,2.5207,2.5207,,2.5207,0.0,0.0
2011-02-11,2.514,2.514,2.514,2.514,,2.514,0.0,0.0
2011-02-14,2.5586,2.5586,2.5586,2.5586,,2.5586,0.0,0.0
2011-02-15,2.526,2.526,2.526,2.526,,2.526,0.0,0.0
2011-02-16,2.5854,2.5854,2.5854,2.5854,,2.5854,0.0,0.0
2011-02-17,2.5575,2.5575,2.5575,2.5575,,2.5575,0.0,0.0
2011-02-18,2.567,2.567,2.567,2.567,,2.567,0.0,0.0
2011-02-22,2.6147,2.6147,2.6147,2.6147,,2.6147,0.0,0.0
2011-02-23,2.6503,2.6503,2.6503,2.6503,,2.6503,0.0,0.0
2011-02-24,2.6479,2.6479,2.6474,2.6479,,2.6479,0.0,0.0
2011-02-25,2.7003,2.7003,2.7003,2.7003,,2.7003,0.0,0.0
2011-02-28,2.6965,2.6965,2.6965,2.6965,,2.6965,0.0,0.0
2011-03-01,2.7626,2.7626,2.7626,2.7626,,2.7626,0.0,0.0
2011-03-02,2.7781,2.7781,2.7781,2.7781,,2.7781,0.0,0.0
2011-03-03,2.7647,2.7647,2.7647,2.7647,,2.7647,0.0,0.0
2011-03-04,2.7479,2.7479,2.7479,2.7479,,2.7479,0.0,0.0
2011-03-07,2.7221,2.7221,2.7221,2.7221,,2.7221,0.0,0.0
2011-03-08,2.6941,2.6941,2.6941,2.6941,,2.6941,0.0,0.0
2011-03-09,2.7482,2.7482,2.7482,2.7482,,2.7482,0.0,0.0
2011-03-10,2.7202,2.7202,2.7202,2.7202,,2.7202,0.0,0.0
2011-03-11,2.688,2.688,2.688,2.688,,2.688,0.0,0.0
2011-03-14,2.6761,2.6761,2.6761,2.6761,,2.6761,0.0,0.0
2011-03-15,2.5395,2.5395,2.5395,2.5395,,2.5395,0.0,0.0
2011-03-16,2.5837,2.5837,2.5837,2.5837,,2.5837,0.0,0.0
2011-03-17,2.6793,2.6793,2.6793,2.6793,,2.6793,0.0,0.0
2011-03-18,2.6652,2.6652,2.6652,2.6652,,2.6652,0.0,0.0
2011-03-21,2.6966,2.6966,2.6966,2.6966,,2.6966,0.0,0.0
2011-03-23,2.7126,2.7126,2.7126,2.7126,,2.7126,0.0,0.0
2011-03-24,2.7177,2.7177,2.7177,2.7177,,2.7177,0.0,0.0
2011-03-25,2.7171,2.7171,2.7171,2.7171,,2.7171,0.0,0.0
2011-03-28,2.6889,2.6889,2.6889,2.6889,,2.6889,0.0,0.0
2011-03-29,2.7076,2.7076,2.7076,2.7076,,2.7076,0.0,0.0
2011-03-30,2.7125,2.7125,2.7125,2.7125,,2.7125,0.0,0.0
2011-03-31,2.7681,2.7681,2.7681,2.7681,,2.7681,0.0,0.0
2011-04-01,2.8811,2.8811,2.8811,2.8811,,2.8811,0.0,0.0
2011-04-04,2.9121,2.9121,2.9121,2.9121,,2.9121,0.0,0.0
2011-04-05,2.941,2.941,2.941,2.941,,2.941,0.0,0.0
2011-04-06,2.9391,2.9391,2.9391,2.9391,,2.9391,0.0,0.0
2011-04-07,2.9512,2.9512,2.9512,2.9512,,2.9512,0.0,0.0
2011-04-08,3.0212,3.0212,3.0212,3.0212,,3.0212,0.0,0.0
2011-04-12,2.9105,2.9105,2.9105,2.9105,,2.9105,0.0,0.0
2011-04-13,2.9457,2.9457,2.9457,2.9457,,2.9457,0.0,0.0
2011-04-14,2.9367,2.9367,2.9367,2.9367,,2.9367,0.0,0.0
2011-04-15,2.9648,2.9648,2.9648,2.9648,,2.9648,0.0,0.0
2011-04-18,2.9075,2.9075,2.9075,2.9075,,2.9075,0.0,0.0
2011-04-19,2.907,2.907,2.907,2.907,,2.907,0.0,0.0
2011-04-20,2.9584,2.9584,2.9584,2.9584,,2.9584,0.0,0.0
2011-04-21,2.9547,2.9547,2.9547,2.9547,,2.9547,0.0,0.0
2011-04-25,2.9398,2.9398,2.9398,2.9398,,2.9398,0.0,0.0
2011-04-26,2.9528,2.9528,2.9528,2.9528,,2.9528,0.0,0.0
2011-04-27,2.9778,2.9778,2.9778,2.9778,,2.9778,0.0,0.0
2011-04-28,2.9831,2.9831,2.9831,2.9831,,2.9831,0.0,0.0
2011-04-29,3.0098,3.0098,3.0098,3.0098,,3.0098,0.0,0.0
2011-05-02,2.9945,2.9945,2.9945,2.9945,,2.9945,0.0,0.0
2011-05-03,2.9501,2.9501,2.9501,2.9501,,2.9501,0.0,0.0
2011-05-04,2.9229,2.9229,2.9229,2.9229,,2.9229,0.0,0.0
2011-05-05,2.6884,2.6884,2.6884,2.6884,,2.6884,0.0,0.0
2011-05-06,2.6332,2.6492,2.6332,2.6332,,2.6332,0.0,0.0
2011-05-09,2.7615,2.7615,2.7615,2.7615,,2.7615,0.0,0.0
2011-05-10,2.8122,2.8122,2.8122,2.8122,,2.8122,0.0,0.0
2011-05-11,2.6956,2.6956,2.6956,2.6956,,2.6956,0.0,0.0
2011-05-12,2.7061,2.7061,2.7049,2.7061,,2.7061,0.0,0.0
2011-05-13,2.7329,2.7329,2.7329,2.7329,,2.7329,0.0,0.0
2011-05-16,2.6836,2.6836,2.6836,2.6836,,2.6836,0.0,0.0
2011-05-17,2.6656,2.6656,2.6656,2.6656,,2.6656,0.0,0.0
2011-05-18,2.7161,2.7161,2.7161,2.7161,,2.7161,0.0,0.0
2011-05-19,2.7027,2.7027,2.7027,2.7027,,2.7027,0.0,0.0
2011-05-20,2.7312,2.7312,2.7312,2.7312,,2.7312,0.0,0.0
2011-05-23,2.6825,2.6825,2.6825,2.6825,,2.6825,0.0,0.0
2011-05-24,2.733,2.733,2.733,2.733,,2.733,0.0,0.0
2011-05-25,2.79,2.79,2.79,2.79,,2.79,0.0,0.0
2011-05-26,2.795,2.795,2.795,2.795,,2.795,0.0,0.0
2011-05-27,2.804,2.804,2.804,2.804,,2.804,0.0,0.0
2011-05-31,2.8468,2.8468,2.8468,2.8468,,2.8468,0.0,0.0
2011-06-01,2.7845,2.7845,2.7845,2.7845,,2.7845,0.0,0.0
2011-06-02,2.8029,2.8029,2.8029,2.8029,,2.8029,0.0,0.0
2011-06-03,2.827,2.827,2.827,2.827,,2.827,0.0,0.0
2011-06-06,2.7985,2.7985,2.7985,2.7985,,2.7985,0.0,0.0
2011-06-07,2.8594,2.8594,2.8594,2.8594,,2.8594,0.0,0.0
2011-06-08,2.8682,2.8682,2.8682,2.8682,,2.8682,0.0,0.0
2011-06-09,2.8998,2.8998,2.8998,2.8998,,2.8998,0.0,0.0
2011-06-10,2.876,2.876,2.876,2.876,,2.876,0.0,0.0
2011-06-13,2.8623,2.8623,2.8623,2.8623,,2.8623,0.0,0.0
2011-06-14,2.8919,2.8919,2.8919,2.8919,,2.8919,0.0,0.0
2011-06-15,2.7519,2.7519,2.7519,2.7519,,2.7519,0.0,0.0
2011-06-16,2.7755,2.7755,2.7755,2.7755,,2.7755,0.0,0.0
2011-06-17,2.7649,2.7649,2.7649,2.7649,,2.7649,0.0,0.0
2011-06-20,2.7438,2.7438,2.7438,2.7438,,2.7438,0.0,0.0
2011-06-21,2.7328,2.7328,2.7328,2.7328,,2.7328,0.0,0.0
2011-06-22,2.8101,2.8101,2.8101,2.8101,,2.8101,0.0,0.0
2011-06-23,2.6844,2.6844,2.6844,2.6844,,2.6844,0.0,0.0
2011-06-24,2.689,2.689,2.689,2.689,,2.689,0.0,0.0
2011-06-27,2.6958,2.6958,2.6958,2.6958,,2.6958,0.0,0.0
2011-06-28,2.748,2.748,2.748,2.748,,2.748,0.0,0.0
2011-06-29,2.8326,2.8326,2.8326,2.8326,,2.8326,0.0,0.0
2011-06-30,2.8355,2.8355,2.8355,2.8355,,2.8355,0.0,0.0
2011-07-01,2.8094,2.8094,2.8094,2.8094,,2.8094,0.0,0.0
2011-07-05,2.8222,2.8222,2.8222,2.8222,,2.8222,0.0,0.0
2011-07-06,2.8364,2.8364,2.8364,2.8364,,2.8364,0.0,0.0
2011-07-07,2.9353,2.9353,2.9353,2.9353,,2.9353,0.0,0.0
2011-07-08,2.9265,2.9265,2.9265,2.9265,,2.9265,0.0,0.0
2011-07-11,2.9008,2.9008,2.9008,2.9008,,2.9008,0.0,0.0
2011-07-12,2.9187,2.9187,2.9187,2.9187,,2.9187,0.0,0.0
2011-07-13,2.943,2.943,2.943,2.943,,2.943,0.0,0.0
2011-07-14,2.9207,2.9207,2.9207,2.9207,,2.9207,0.0,0.0
2011-07-15,2.9341,2.9341,2.9341,2.9341,,2.9341,0.0,0.0
2011-07-18,2.9026,2.9026,2.9026,2.9026,,2.9026,0.0,0.0
2011-07-19,2.9179,2.9179,2.9179,2.9179,,2.9179,0.0,0.0
2011-07-20,2.9501,2.9501,2.9501,2.9501,,2.9501,0.0,0.0
2011-07-21,2.9332,2.9332,2.9332,2.9332,,2.9332,0.0,0.0
2011-07-22,2.9548,2.9548,2.9548,2.9548,,2.9548,0.0,0.0
2011-07-25,2.9432,2.9432,2.9432,2.9432,,2.9432,0.0,0.0
2011-07-26,2.9505,2.9505,2.9505,2.9505,,2.9505,0.0,0.0
2011-07-28,2.9233,2.9233,2.9233,2.9233,,2.9233,0.0,0.0
2011-07-29,2.9068,2.9068,2.9068,2.9068,,2.9068,0.0,0.0
2011-08-01,2.8911,2.8911,2.8911,2.8911,,2.8911,0.0,0.0
2011-08-02,2.8755,2.8755,2.8755,2.8755,,2.8755,0.0,0.0
2011-08-03,2.7979,2.7979,2.7979,2.7979,,2.7979,0.0,0.0
2011-08-04,2.6545,2.6545,2.6545,2.6545,,2.6545,0.0,0.0
2011-08-05,2.7058,2.7058,2.7058,2.7058,,2.7058,0.0,0.0
2011-08-08,2.5731,2.5731,2.5731,2.5731,,2.5731,0.0,0.0
2011-08-09,2.5499,2.5499,2.5499,2.5499,,2.5499,0.0,0.0
2011-08-10,2.6389,2.6389,2.6389,2.6389,,2.6389,0.0,0.0
2011-08-11,2.6529,2.6529,2.6529,2.6529,,2.6529,0.0,0.0
2011-08-12,2.6386,2.6386,2.6386,2.6386,,2.6386,0.0,0.0
2011-08-15,2.6926,2.6926,2.6926,2.6926,,2.6926,0.0,0.0
2011-08-16,2.6753,2.6753,2.6753,2.6753,,2.6753,0.0,0.0
2011-08-17,2.7123,2.7123,2.7123,2.7123,,2.7123,0.0,0.0
2011-08-18,2.6286,2.6286,2.6286,2.6286,,2.6286,0.0,0.0
2011-08-19,2.6631,2.6631,2.6631,2.6631,,2.6631,0.0,0.0
2011-08-22,2.6652,2.6652,2.6652,2.6652,,2.6652,0.0,0.0
2011-10-03,2.2743,2.2743,2.2743,2.2743,,2.2743,0.0,1.0
2011-10-04,2.237,2.237,2.237,2.237,,2.237,0.0,1.0
2011-10-05,2.3144,2.3144,2.3144,2.3144,,2.3144,0.0,1.0
2011-10-06,2.3719,2.3719,2.3719,2.3719,,2.3719,0.0,1.0
2011-10-07,2.3601,2.3601,2.3601,2.3601,,2.3601,0.0,1.0
2011-10-10,2.4047,2.4047,2.4047,2.4047,,2.4047,0.0,1.0
2011-10-11,2.4299,2.4299,2.4299,2.4299,,2.4299,0.0,1.0
2011-10-12,2.4336,2.4336,2.4336,2.4336,,2.4336,0.0,1.0
2011-10-13,2.4173,2.4173,2.4173,2.4173,,2.4173,0.0,1.0
2011-10-14,2.455,2.455,2.455,2.455,,2.455,0.0,1.0
2011-10-18,2.4714,2.4714,2.4714,2.4714,,2.4714,0.0,1.0
2011-10-20,2.425,2.425,2.425,2.425,,2.425,0.0,1.0
2011-10-21,2.4229,2.4229,2.4229,2.4229,,2.4229,0.0,1.0
2011-10-24,2.4554,2.4554,2.4554,2.4554,,2.4554,0.0,1.0
2011-10-25,2.4432,2.4432,2.4432,2.4432,,2.4432,0.0,1.0
2011-10-26,2.4157,2.4157,2.4157,2.4157,,2.4157,0.0,1.0
2011-10-27,2.4992,2.4992,2.4992,2.4992,,2.4992,0.0,1.0
2011-10-28,2.4571,2.4571,2.4571,2.4571,,2.4571,0.0,1.0
2011-10-31,2.4378,2.4378,2.4378,2.4378,,2.4378,0.0,1.0
2011-11-01,2.3958,2.3958,2.3958,2.3958,,2.3958,0.0,1.0
2011-11-02,2.3968,2.3968,2.3968,2.3968,,2.3968,0.0,1.0
2011-11-03,2.4278,2.4278,2.4278,2.4278,,2.4278,0.0,1.0
2011-11-04,2.454,2.454,2.454,2.454,,2.454,0.0,1.0
2011-11-07,2.5011,2.5011,2.5011,2.5011,,2.5011,0.0,1.0
2011-11-08,2.4889,2.4889,2.4889,2.4889,,2.4889,0.0,1.0
2011-11-09,2.4338,2.4338,2.4338,2.4338,,2.4338,0.0,1.0
2011-11-10,2.4246,2.4246,2.4246,2.4246,,2.4246,0.0,1.0
2011-11-11,2.4089,2.4089,2.4089,2.4089,,2.4089,2.0,1.0
2011-11-14,2.3574,2.3574,2.3574,2.3574,,2.3574,0.0,1.0
2011-11-15,2.3905,2.3905,2.3905,2.3905,,2.3905,0.0,1.0
2011-11-16,2.4002,2.4002,2.4002,2.4002,,2.4002,0.0,1.0
2011-11-17,2.3106,2.3106,2.3106,2.3106,,2.3106,0.0,1.0
2011-11-18,2.3006,2.3006,2.3006,2.3006,,2.3006,0.0,1.0
2011-11-21,2.305,2.305,2.305,2.305,,2.305,0.0,1.0
2011-11-22,2.353,2.353,2.353,2.353,,2.353,0.0,1.0
2011-11-23,2.3137,2.3137,2.3137,2.3137,,2.3137,0.0,1.0
2011-11-25,2.2747,2.2747,2.2747,2.2747,,2.2747,0.0,1.0
2011-11-28,2.3239,2.3239,2.3239,2.3239,,2.3239,0.0,1.0
2011-11-29,2.3482,2.3482,2.3482,2.3482,,2.3482,0.0,1.0
2011-11-30,2.3686,2.3686,2.3686,2.3686,,2.3686,0.0,1.0
2011-12-01,2.34,2.34,2.34,2.3626,,2.3626,2.0,977.0
2011-12-02,2.3986,2.3715,2.3986,2.3986,,2.3986,3.0,978.0
2011-12-05,2.3903,2.3903,2.3903,2.3903,,2.3903,1.0,980.0
2011-12-06,2.4147,2.4147,2.4147,2.4147,,2.4147,5.0,980.0
2011-12-07,2.3862,2.3862,2.3862,2.3862,,2.3862,1.0,985.0
2011-12-08,2.3676,2.3676,2.3676,2.3676,,2.3676,0.0,986.0
2011-12-09,2.3898,2.3898,2.3898,2.3898,,2.3898,0.0,986.0
2011-12-12,2.3553,2.3553,2.3553,2.3553,,2.3553,0.0,986.0
2011-12-13,2.4007,2.4007,2.4007,2.4007,,2.4007,17.0,986.0
2011-12-14,2.35,2.35,2.3329,2.2887,,2.2887,36.0,998.0
2011-12-15,2.2693,2.2693,2.2693,2.2693,,2.2693,0.0,1018.0
2011-12-16,2.28,2.28,2.28,2.2685,,2.2685,3.0,1018.0
2011-12-19,2.2647,2.2647,2.2647,2.2647,,2.2647,0.0,1019.0
2011-12-20,2.3397,2.3397,2.3397,2.3397,,2.3397,0.0,1019.0
2011-12-21,2.3367,2.3575,2.3335,2.3632,,2.3632,27.0,1019.0
2011-12-22,2.3487,2.3487,2.3487,2.3487,,2.3487,8.0,1040.0
2011-12-23,2.3716,2.3716,2.3716,2.3716,,2.3716,0.0,1040.0
2011-12-27,2.3794,2.3794,2.3794,2.3794,,2.3794,5.0,1040.0
2011-12-28,2.3447,2.3447,2.3447,2.3447,,2.3447,13.0,1045.0
2011-12-29,2.3617,2.3617,2.3617,2.3617,,2.3617,14.0,1052.0
2011-12-30,2.3364,2.3364,2.3364,2.3364,,2.3364,0.0,1060.0
2012-01-03,2.4328,2.4328,2.4328,2.4328,,2.4328,0.0,0.0
2012-01-04,2.4852,2.4852,2.4852,2.4852,,2.4852,0.0,0.0
2012-01-05,2.4574,2.4574,2.4574,2.4574,,2.4574,0.0,0.0
2012-01-06,2.4801,2.4801,2.4801,2.4801,,2.4801,0.0,0.0
2012-01-09,2.4617,2.4617,2.4617,2.4617,,2.4617,0.0,0.0
2012-01-10,2.4618,2.4618,2.4618,2.4618,,2.4618,0.0,0.0
2012-01-11,2.4473,2.4473,2.4473,2.4473,,2.4473,0.0,0.0
2012-01-12,2.4088,2.4088,2.4088,2.4088,,2.4088,0.0,0.0
2012-01-13,2.4077,2.4077,2.4077,2.4077,,2.4077,0.0,0.0
2012-01-17,2.4446,2.4446,2.4446,2.4446,,2.4446,0.0,0.0
2012-01-18,2.4441,2.4441,2.4441,2.4441,,2.4441,0.0,0.0
2012-01-19,2.4549,2.4549,2.4549,2.4549,,2.4549,0.0,0.0
2012-01-20,2.4238,2.4238,2.4238,2.4238,,2.4238,0.0,0.0
2012-01-23,2.4352,2.4352,2.4352,2.4352,,2.4352,0.0,0.0
2012-01-24,2.4377,2.4377,2.4377,2.4377,,2.4377,0.0,0.0
2012-01-25,2.449,2.449,2.449,2.449,,2.449,0.0,0.0
2012-01-26,2.4653,2.4653,2.4653,2.4653,,2.4653,0.0,0.0
2012-01-27,2.4777,2.4777,2.4777,2.4777,,2.4777,0.0,0.0
2012-01-30,2.4667,2.4667,2.4667,2.4667,,2.4667,0.0,0.0
2012-01-31,2.4692,2.4692,2.4692,2.4692,,2.4692,0.0,0.0
2012-02-01,2.4908,2.4908,2.4908,2.4908,,2.4908,0.0,0.0
2012-02-02,2.4968,2.4968,2.4968,2.4968,,2.4968,0.0,0.0
2012-02-03,2.5443,2.5443,2.5443,2.5443,,2.5443,0.0,0.0
2012-02-06,2.5649,2.5649,2.5649,2.5649,,2.5649,0.0,0.0
2012-02-07,2.5675,2.5675,2.5675,2.5675,,2.5675,0.0,0.0
2012-02-08,2.5914,2.5914,2.5914,2.5914,,2.5914,0.0,0.0
2012-02-09,2.6212,2.6212,2.6212,2.6212,,2.6212,0.0,0.0
2012-02-10,2.5937,2.5937,2.5937,2.5937,,2.5937,0.0,0.0
2012-02-13,2.6151,2.6151,2.6151,2.6151,,2.6151,0.0,0.0
2012-02-14,2.6039,2.6039,2.6039,2.6039,,2.6039,0.0,0.0
2012-02-15,2.6268,2.6268,2.6268,2.6268,,2.6268,0.0,0.0
2012-02-16,2.6489,2.6489,2.6489,2.6489,,2.6489,0.0,0.0
2012-02-17,2.6396,2.6396,2.6396,2.6396,,2.6396,0.0,0.0
2012-02-21,2.6811,2.6811,2.6811,2.6811,,2.6811,0.0,0.0
2012-02-22,2.6406,2.6406,2.6406,2.6406,,2.6406,0.0,0.0
2012-02-23,2.6546,2.6546,2.6546,2.6546,,2.6546,0.0,0.0
2012-02-24,2.6885,2.6885,2.6885,2.6885,,2.6885,0.0,0.0
2012-02-27,2.6604,2.6604,2.6604,2.6604,,2.6604,0.0,0.0
2012-02-28,2.6284,2.6284,2.6284,2.6284,,2.6284,0.0,0.0
2012-02-29,2.6448,2.6448,2.6448,2.6448,,2.6448,0.0,0.0
2012-03-01,2.6964,2.6964,2.6964,2.6964,,2.6964,0.0,0.0
2012-03-02,2.6589,2.6589,2.6589,2.6589,,2.6589,0.0,0.0
2012-03-05,2.6747,2.6747,2.6747,2.6747,,2.6747,0.0,0.0
2012-03-06,2.66,2.66,2.66,2.66,,2.66,0.0,0.0
2012-03-07,2.7007,2.7007,2.7007,2.7007,,2.7007,0.0,0.0
2012-03-08,2.7318,2.7318,2.7318,2.7318,,2.7318,0.0,0.0
2012-03-09,2.7398,2.7398,2.7398,2.7398,,2.7398,0.0,0.0
2012-03-13,2.7425,2.7425,2.7425,2.7425,,2.7425,0.0,0.0
2012-03-14,2.7285,2.7285,2.7285,2.7285,,2.7285,0.0,0.0
2012-03-15,2.6931,2.6931,2.6931,2.6931,,2.6931,0.0,0.0
2012-03-16,2.743,2.743,2.743,2.743,,2.743,0.0,0.0
2012-03-19,2.7473,2.7473,2.7473,2.7473,,2.7473,0.0,0.0
2012-03-20,2.724,2.724,2.724,2.724,,2.724,0.0,0.0
2012-03-21,2.718,2.718,2.718,2.718,,2.718,0.0,0.0
2012-03-22,2.6935,2.6935,2.6935,2.6935,,2.6935,0.0,0.0
2012-03-23,2.7305,2.7305,2.7305,2.7305,,2.7305,0.0,0.0
2012-03-26,2.7449,2.7449,2.7449,2.7449,,2.7449,0.0,0.0
2012-03-27,2.7408,2.7408,2.7408,2.7408,,2.7408,0.0,0.0
2012-03-28,2.7188,2.7188,2.7188,2.7188,,2.7188,0.0,0.0
2012-03-29,2.6796,2.6796,2.6796,2.6796,,2.6796,0.0,0.0
2012-03-30,2.6747,2.6747,2.6747,2.6747,,2.6747,0.0,0.0
2012-04-02,2.7457,2.7457,2.7457,2.7457,,2.7457,0.0,0.0
2012-04-03,2.7403,2.7403,2.7403,2.7403,,2.7403,0.0,0.0
2012-04-04,2.7062,2.7062,2.7062,2.7062,,2.7062,0.0,0.0
2012-04-05,2.7286,2.7286,2.7286,2.7286,,2.7286,0.0,0.0
2012-04-06,2.7286,2.7286,2.7286,2.7286,,2.7286,0.0,0.0
2012-04-09,2.8126,2.8126,2.8126,2.8126,,2.8126,0.0,0.0
2012-04-10,2.7645,2.7645,2.7645,2.7645,,2.7645,0.0,0.0
2012-04-11,2.7731,2.7731,2.7731,2.7731,,2.7731,0.0,0.0
2012-04-12,2.8016,2.8016,2.8016,2.8016,,2.8016,0.0,0.0
2012-04-13,2.7971,2.7971,2.7971,2.7971,,2.7971,0.0,0.0
2012-04-16,2.756,2.756,2.756,2.756,,2.756,0.0,0.0
2012-04-17,2.7761,2.7761,2.7761,2.7761,,2.7761,0.0,0.0
2012-04-18,2.7626,2.7626,2.7626,2.7626,,2.7626,0.0,0.0
2012-04-19,2.7608,2.7608,2.7608,2.7608,,2.7608,0.0,0.0
2012-04-20,2.7653,2.7653,2.7653,2.7653,,2.7653,0.0,0.0
2012-04-23,2.7689,2.7689,2.7689,2.7689,,2.7689,0.0,0.0
2012-04-24,2.7585,2.7585,2.7585,2.7585,,2.7585,0.0,0.0
2012-04-25,2.7645,2.7645,2.7645,2.7645,,2.7645,0.0,0.0
2012-04-26,2.7585,2.7585,2.7585,2.7585,,2.7585,0.0,0.0
2012-04-27,2.7609,2.7609,2.7609,2.7609,,2.7609,0.0,0.0
2012-04-30,2.7611,2.7611,2.7611,2.7611,,2.7611,0.0,0.0
2012-05-01,2.7666,2.7666,2.7666,2.7666,,2.7666,0.0,800.0
2012-05-02,2.7416,2.7416,2.7416,2.7416,,2.7416,0.0,800.0
2012-05-03,2.6974,2.6974,2.6974,2.6974,,2.6974,0.0,800.0
2012-05-04,2.6464,2.6464,2.6464,2.6464,,2.6464,0.0,800.0
2012-05-07,2.6435,2.6435,2.6435,2.6435,,2.6435,0.0,800.0
2012-05-08,2.643,2.643,2.643,2.643,,2.643,0.0,800.0
2012-05-09,2.6426,2.6426,2.6426,2.6426,,2.6426,0.0,800.0
2012-05-10,2.6424,2.6424,2.6424,2.6424,,2.6424,0.0,800.0
2012-05-11,2.6299,2.6299,2.6299,2.6299,,2.6299,0.0,800.0
2012-05-14,2.6068,2.6068,2.6068,2.6068,,2.6068,0.0,800.0
2012-05-15,2.609,2.609,2.609,2.609,,2.609,0.0,800.0
2012-05-16,2.5795,2.5795,2.5795,2.5795,,2.5795,0.0,800.0
2012-05-17,2.5397,2.5397,2.5397,2.5397,,2.5397,0.0,800.0
2012-05-18,2.5289,2.5289,2.5289,2.5289,,2.5289,0.0,800.0
2012-05-21,2.5612,2.5612,2.5612,2.5612,,2.5612,0.0,800.0
2012-05-22,2.5521,2.5521,2.5521,2.5521,,2.5521,0.0,800.0
2012-05-23,2.488,2.488,2.488,2.488,,2.488,0.0,800.0
2012-05-24,2.5101,2.5101,2.5101,2.5101,,2.5101,0.0,800.0
2012-05-25,2.5296,2.5296,2.5296,2.5296,,2.5296,0.0,800.0
2012-05-29,2.5238,2.5238,2.5238,2.5238,,2.5238,0.0,800.0
2012-05-30,2.4757,2.4757,2.4757,2.4757,,2.4757,0.0,800.0
2012-05-31,2.4495,2.4495,2.4495,2.4495,,2.4495,0.0,800.0
2012-06-01,2.388,2.388,2.388,2.388,,2.388,0.0,100.0
2012-06-04,2.3891,2.3891,2.3891,2.3891,,2.3891,0.0,100.0
2012-06-05,2.3927,2.3927,2.3927,2.3927,,2.3927,0.0,100.0
2012-06-06,2.4289,2.4289,2.4289,2.4289,,2.4289,0.0,100.0
2012-06-07,2.4286,2.4286,2.4286,2.4286,,2.4286,0.0,100.0
2012-06-08,2.4371,2.4371,2.4371,2.4371,,2.4371,0.0,100.0
2012-06-11,2.4034,2.4034,2.4034,2.4034,,2.4034,0.0,100.0
2012-06-12,2.4016,2.4016,2.4016,2.4016,,2.4016,0.0,100.0
2012-06-13,2.3895,2.3895,2.3895,2.3895,,2.3895,0.0,100.0
2012-06-14,2.4063,2.4063,2.4063,2.4063,,2.4063,0.0,100.0
2012-06-15,2.4078,2.4078,2.4078,2.4078,,2.4078,0.0,100.0
2012-06-18,2.3789,2.3789,2.3789,2.3789,,2.3789,0.0,100.0
2012-06-19,2.3802,2.3802,2.3802,2.3802,,2.3802,0.0,100.0
2012-06-20,2.3417,2.3417,2.3417,2.3417,,2.3417,0.0,100.0
2012-06-21,2.2939,2.2939,2.2939,2.2939,,2.2939,0.0,100.0
2012-06-22,2.3141,2.3141,2.3141,2.3141,,2.3141,0.0,100.0
2012-06-25,2.3173,2.3173,2.3173,2.3173,,2.3173,0.0,100.0
2012-06-26,2.3472,2.3472,2.3472,2.3472,,2.3472,0.0,100.0
2012-06-27,2.3396,2.3396,2.3396,2.3396,,2.3396,0.0,100.0
2012-06-28,2.3022,2.3022,2.3022,2.3022,,2.3022,0.0,100.0
2012-06-29,2.4465,2.4465,2.4465,2.4465,,2.4465,0.0,100.0
2012-07-02,2.4003,2.4003,2.4003,2.4003,,2.4003,0.0,0.0
2012-07-03,2.4731,2.4731,2.4731,2.4731,,2.4731,0.0,0.0
2012-07-05,2.466,2.466,2.466,2.466,,2.466,0.0,0.0
2012-07-06,2.4089,2.4089,2.4089,2.4089,,2.4089,0.0,0.0
2012-07-09,2.4465,2.4465,2.4465,2.4465,,2.4465,0.0,0.0
2012-07-10,2.4073,2.4073,2.4073,2.4073,,2.4073,0.0,0.0
2012-07-11,2.4453,2.4453,2.4453,2.4453,,2.4453,0.0,0.0
2012-07-12,2.4531,2.4531,2.4531,2.4531,,2.4531,0.0,0.0
2012-07-13,2.4635,2.4635,2.4635,2.4635,,2.4635,0.0,0.0
2012-07-16,2.5,2.5,2.5,2.5,,2.5,0.0,0.0
2012-07-17,2.5041,2.5041,2.5041,2.5041,,2.5041,0.0,0.0
2012-07-18,2.525,2.525,2.525,2.525,,2.525,0.0,0.0
2012-07-19,2.5426,2.5426,2.5426,2.5426,,2.5426,0.0,0.0
2012-07-20,2.5404,2.5404,2.5404,2.5404,,2.5404,0.0,0.0
2012-07-23,2.4524,2.4524,2.4524,2.4524,,2.4524,0.0,0.0
2012-07-24,2.4598,2.4598,2.4598,2.4598,,2.4598,0.0,0.0
2012-07-25,2.4847,2.4847,2.4847,2.4847,,2.4847,0.0,0.0
2012-07-26,2.4954,2.4954,2.4954,2.4954,,2.4954,0.0,0.0
2012-07-27,2.5238,2.5238,2.5238,2.5238,,2.5238,0.0,0.0
2012-07-30,2.5235,2.5235,2.5235,2.5235,,2.5235,0.0,0.0
2012-07-31,2.4952,2.4952,2.4952,2.4952,,2.4952,0.0,0.0
2012-08-01,2.5013,2.5013,2.5013,2.5013,,2.5013,0.0,0.0
2012-08-02,2.489,2.489,2.489,2.489,,2.489,0.0,0.0
2012-08-03,2.5574,2.5574,2.5574,2.5574,,2.5574,0.0,0.0
2012-08-06,2.5754,2.5754,2.5754,2.5754,,2.5754,0.0,0.0
2012-08-07,2.6175,2.6175,2.6175,2.6175,,2.6175,0.0,0.0
2012-08-08,2.6167,2.6167,2.6167,2.6167,,2.6167,0.0,0.0
2012-08-09,2.64,2.64,2.64,2.64,,2.64,0.0,0.0
2012-08-10,2.6287,2.6287,2.6287,2.6287,,2.6287,0.0,0.0
2012-08-13,2.6437,2.6437,2.6437,2.6437,,2.6437,0.0,0.0
2012-08-14,2.6488,2.6488,2.6488,2.6488,,2.6488,0.0,0.0
2012-08-15,2.6669,2.6669,2.6669,2.6669,,2.6669,0.0,0.0
2012-08-16,2.6942,2.6942,2.6942,2.6942,,2.6942,0.0,0.0
2012-08-17,2.6786,2.6786,2.6786,2.6786,,2.6786,0.0,0.0
2012-08-20,2.6818,2.6818,2.6818,2.6818,,2.6818,0.0,0.0
2012-08-21,2.7085,2.7085,2.7085,2.7085,,2.7085,0.0,0.0
2012-08-22,2.7084,2.7084,2.7084,2.7084,,2.7084,0.0,0.0
2012-08-23,2.689,2.689,2.689,2.689,,2.689,0.0,0.0
2012-08-24,2.6664,2.6664,2.6664,2.6664,,2.6664,0.0,0.0
2012-08-27,2.6354,2.6354,2.6354,2.6354,,2.6354,0.0,0.0
2012-08-28,2.6628,2.6628,2.6628,2.6628,,2.6628,0.0,0.0
2012-08-29,2.6548,2.6548,2.6548,2.6548,,2.6548,0.0,0.0
2012-08-30,2.6605,2.6605,2.6605,2.6605,,2.6605,0.0,0.0
2012-08-31,2.6983,2.6983,2.6983,2.6983,,2.6983,0.0,0.0
2012-09-04,2.6496,2.6496,2.6496,2.6496,,2.6496,0.0,0.0
2012-09-05,2.6429,2.6429,2.6429,2.6429,,2.6429,0.0,0.0
2012-09-06,2.6516,2.6516,2.6516,2.6516,,2.6516,0.0,0.0
2012-09-07,2.667,2.667,2.667,2.667,,2.667,0.0,0.0
2012-09-10,2.6762,2.6762,2.6762,2.6762,,2.6762,0.0,0.0
2012-09-11,2.6889,2.6889,2.6889,2.6889,,2.6889,0.0,0.0
2012-09-12,2.7028,2.7028,2.7028,2.7028,,2.7028,0.0,0.0
2012-09-13,2.7157,2.7157,2.7157,2.7157,,2.7157,0.0,0.0
2012-09-14,2.7301,2.7301,2.7301,2.7301,,2.7301,0.0,0.0
2012-09-17,2.6696,2.6696,2.6696,2.6696,,2.6696,0.0,0.0
2012-09-18,2.6081,2.6081,2.6081,2.6081,,2.6081,0.0,0.0
2012-09-19,2.5239,2.5239,2.5239,2.5239,,2.5239,0.0,0.0
2012-09-20,2.5427,2.5427,2.5427,2.5427,,2.5427,0.0,0.0
2012-09-21,2.5773,2.5773,2.5773,2.5773,,2.5773,0.0,0.0
2012-09-24,2.5418,2.5418,2.5418,2.5418,,2.5418,0.0,0.0
2012-09-25,2.5558,2.5558,2.5558,2.5558,,2.5558,0.0,0.0
2012-09-26,2.544,2.544,2.544,2.544,,2.544,0.0,0.0
2012-09-27,2.5843,2.5843,2.5843,2.5843,,2.5843,0.0,0.0
2012-09-28,2.5988,2.5988,2.5988,2.5988,,2.5988,0.0,0.0
2012-10-01,2.4703,2.4703,2.4703,2.4703,,2.4703,0.0,0.0
2012-10-02,2.4565,2.4565,2.4565,2.4565,,2.4565,0.0,0.0
2012-10-03,2.3806,2.3806,2.3806,2.3806,,2.3806,0.0,0.0
2012-10-04,2.4682,2.4682,2.4682,2.4682,,2.4682,0.0,0.0
2012-10-05,2.4528,2.4528,2.4528,2.4528,,2.4528,0.0,0.0
2012-10-08,2.4311,2.4311,2.4311,2.4311,,2.4311,0.0,0.0
2012-10-09,2.4793,2.4793,2.4793,2.4793,,2.4793,0.0,0.0
2012-10-10,2.4721,2.4721,2.4721,2.4721,,2.4721,0.0,0.0
2012-10-11,2.5132,2.5132,2.5132,2.5132,,2.5132,0.0,0.0
2012-10-12,2.4998,2.4998,2.4998,2.4998,,2.4998,0.0,0.0
2012-10-15,2.5051,2.5051,2.5051,2.5051,,2.5051,0.0,0.0
2012-10-16,2.5075,2.5075,2.5075,2.5075,,2.5075,0.0,0.0
2012-10-17,2.5097,2.5097,2.5097,2.5097,,2.5097,0.0,0.0
2012-10-18,2.4906,2.4906,2.4906,2.4906,,2.4906,0.0,0.0
2012-10-19,2.4325,2.4325,2.4325,2.4325,,2.4325,0.0,0.0
2012-10-22,2.4119,2.4119,2.4119,2.4119,,2.4119,0.0,0.0
2012-10-23,2.3774,2.3774,2.3774,2.3774,,2.3774,0.0,0.0
2012-10-24,2.371,2.371,2.371,2.371,,2.371,0.0,0.0
2012-10-25,2.3876,2.3876,2.3876,2.3876,,2.3876,0.0,0.0
2012-10-26,2.4137,2.4137,2.4137,2.4137,,2.4137,0.0,0.0
2012-10-29,2.4034,2.4034,2.4034,2.4034,,2.4034,0.0,0.0
2012-10-30,2.3893,2.3893,2.3893,2.3893,,2.3893,0.0,0.0
2012-10-31,2.3836,2.3836,2.3836,2.3836,,2.3836,0.0,0.0
2012-11-01,2.3779,2.3779,2.3779,2.3779,,2.3779,0.0,0.0
2012-11-02,2.3245,2.3245,2.3245,2.3245,,2.3245,0.0,0.0
2012-11-05,2.3636,2.3636,2.3636,2.3636,,2.3636,0.0,0.0
2012-11-06,2.4302,2.4302,2.4302,2.4302,,2.4302,0.0,0.0
2012-11-07,2.3372,2.3372,2.3372,2.3372,,2.3372,0.0,0.0
2012-11-08,2.3502,2.3502,2.3502,2.3502,,2.3502,0.0,0.0
2012-11-09,2.3964,2.3964,2.3964,2.3964,,2.3964,0.0,0.0
2012-11-12,2.3851,2.3851,2.3851,2.3851,,2.3851,0.0,0.0
2012-11-13,2.3826,2.3826,2.3826,2.3826,,2.3826,0.0,0.0
2012-11-14,2.3958,2.3958,2.3958,2.3958,,2.3958,0.0,0.0
2012-11-15,2.3865,2.3865,2.3865,2.3865,,2.3865,0.0,0.0
2012-11-16,2.4028,2.4028,2.4028,2.4028,,2.4028,0.0,0.0
2012-11-19,2.4572,2.4572,2.4572,2.4572,,2.4572,0.0,0.0
2012-11-20,2.4266,2.4266,2.4266,2.4266,,2.4266,0.0,0.0
2012-11-21,2.4554,2.4554,2.4554,2.4554,,2.4554,0.0,0.0
2012-11-23,2.4637,2.4637,2.4637,2.4637,,2.4637,0.0,0.0
2012-11-26,2.4563,2.4563,2.4563,2.4563,,2.4563,0.0,0.0
2012-11-27,2.4418,2.4418,2.4418,2.4418,,2.4418,0.0,0.0
2012-11-28,2.4342,2.4342,2.4342,2.4342,,2.4342,0.0,0.0
2012-11-29,2.4551,2.4551,2.4551,2.4551,,2.4551,0.0,0.0
2012-11-30,2.4634,2.4634,2.4634,2.4634,,2.4634,0.0,0.0
2012-12-03,2.4369,2.4369,2.4369,2.4369,,2.4369,0.0,50.0
2012-12-04,2.4193,2.4193,2.4193,2.4193,,2.4193,0.0,50.0
2012-12-05,2.3921,2.3921,2.3921,2.3921,,2.3921,0.0,50.0
2012-12-06,2.354,2.354,2.354,2.354,,2.354,0.0,50.0
2012-12-07,2.354,2.354,2.354,2.354,,2.354,0.0,50.0
2012-12-10,2.3523,2.3523,2.3523,2.3523,,2.3523,0.0,50.0
2012-12-11,2.354,2.354,2.354,2.354,,2.354,0.0,50.0
2012-12-12,2.3765,2.3765,2.3765,2.3765,,2.3765,0.0,50.0
2012-12-13,2.3395,2.3395,2.3395,2.3395,,2.3395,0.0,50.0
2012-12-14,2.3795,2.3795,2.3795,2.3795,,2.3795,0.0,50.0
2012-12-17,2.362,2.362,2.362,2.362,,2.362,0.0,50.0
2012-12-18,2.38,2.38,2.38,2.38,,2.38,0.0,50.0
2012-12-19,2.4111,2.4111,2.4111,2.4111,,2.4111,0.0,50.0
2012-12-20,2.4024,2.4024,2.4024,2.4024,,2.4024,0.0,50.0
2012-12-21,2.3779,2.3779,2.3779,2.3779,,2.3779,0.0,50.0
2012-12-24,2.3762,2.3762,2.3762,2.3762,,2.3762,0.0,50.0
2012-12-26,2.4164,2.4164,2.4164,2.4164,,2.4164,0.0,50.0
2012-12-27,2.4169,2.4169,2.4169,2.4169,,2.4169,0.0,50.0
2012-12-28,2.4047,2.4047,2.4047,2.4047,,2.4047,0.0,50.0
2012-12-31,2.4114,2.4114,2.4114,2.4114,,2.4114,0.0,50.0
2013-01-02,2.4295,2.4295,2.4295,2.4295,,2.4295,0.0,0.0
2013-01-03,2.4246,2.4246,2.4246,2.4246,,2.4246,0.0,0.0
2013-01-04,2.4172,2.4172,2.4172,2.4172,,2.4172,0.0,0.0
2013-01-07,2.4226,2.4226,2.4226,2.4226,,2.4226,0.0,0.0
2013-01-08,2.4499,2.4499,2.4499,2.4499,,2.4499,0.0,0.0
2013-01-09,2.4467,2.4467,2.4467,2.4467,,2.4467,0.0,0.0
2013-01-10,2.4455,2.4455,2.4455,2.4455,,2.4455,0.0,0.0
2013-01-11,2.422,2.422,2.422,2.422,,2.422,0.0,0.0
2013-01-14,2.4535,2.4535,2.4535,2.4535,,2.4535,0.0,0.0
2013-01-15,2.4201,2.4201,2.4201,2.4201,,2.4201,0.0,0.0
2013-01-16,2.4283,2.4283,2.4283,2.4283,,2.4283,0.0,0.0
2013-01-17,2.4566,2.4566,2.4566,2.4566,,2.4566,0.0,0.0
2013-01-18,2.4717,2.4717,2.4717,2.4717,,2.4717,0.0,0.0
2013-01-22,2.4768,2.4768,2.4768,2.4768,,2.4768,0.0,0.0
2013-01-23,2.4781,2.4781,2.4781,2.4781,,2.4781,0.0,0.0
2013-01-24,2.4922,2.4922,2.4922,2.4922,,2.4922,0.0,0.0
2013-01-25,2.4837,2.4837,2.4837,2.4837,,2.4837,0.0,0.0
2013-01-28,2.4919,2.4919,2.4919,2.4919,,2.4919,0.0,0.0
2013-01-29,2.5093,2.5093,2.5093,2.5093,,2.5093,0.0,0.0
2013-01-30,2.509,2.509,2.509,2.509,,2.509,0.0,0.0
2013-01-31,2.5261,2.5261,2.5261,2.5261,,2.5261,0.0,0.0
2013-02-01,2.5508,2.5508,2.5508,2.5508,,2.5508,0.0,0.0
2013-02-04,2.5176,2.5176,2.5176,2.5176,,2.5176,0.0,0.0
2013-02-05,2.5377,2.5377,2.5377,2.5377,,2.5377,0.0,0.0
2013-02-06,2.5453,2.5453,2.5453,2.5453,,2.5453,0.0,0.0
2013-02-07,2.5512,2.5512,2.5512,2.5512,,2.5512,0.0,0.0
2013-02-08,2.5806,2.5806,2.5806,2.5806,,2.5806,0.0,0.0
2013-02-11,2.5691,2.5691,2.5691,2.5691,,2.5691,0.0,0.0
2013-02-12,2.5822,2.5822,2.5822,2.5822,,2.5822,0.0,0.0
2013-02-13,2.584,2.584,2.584,2.584,,2.584,0.0,0.0
2013-02-14,2.5828,2.5828,2.5828,2.5828,,2.5828,0.0,0.0
2013-02-15,2.5802,2.5802,2.5802,2.5802,,2.5802,0.0,0.0
2013-02-19,2.5752,2.5752,2.5752,2.5752,,2.5752,0.0,0.0
2013-02-20,2.5399,2.5399,2.5399,2.5399,,2.5399,0.0,0.0
2013-02-21,2.4938,2.4938,2.4938,2.4938,,2.4938,0.0,0.0
2013-02-22,2.5042,2.5042,2.5042,2.5042,,2.5042,0.0,0.0
2013-02-25,2.5064,2.5064,2.5064,2.5064,,2.5064,0.0,0.0
2013-02-26,2.4679,2.4679,2.4679,2.4679,,2.4679,0.0,0.0
2013-02-27,2.4468,2.4468,2.4468,2.4468,,2.4468,0.0,0.0
2013-02-28,2.4342,2.4342,2.4342,2.4342,,2.4342,0.0,0.0
2013-03-01,2.4279,2.4279,2.4279,2.4279,,2.4279,0.0,0.0
2013-03-04,2.4244,2.4244,2.4244,2.4244,,2.4244,0.0,0.0
2013-03-05,2.4782,2.4782,2.4782,2.4782,,2.4782,0.0,0.0
2013-03-06,2.4722,2.4722,2.4722,2.4722,,2.4722,0.0,0.0
2013-03-07,2.4917,2.4917,2.4917,2.4917,,2.4917,0.0,0.0
2013-03-08,2.5342,2.5342,2.5342,2.5342,,2.5342,0.0,0.0
2013-03-11,2.5349,2.5349,2.5349,2.5349,,2.5349,0.0,0.0
2013-03-12,2.5332,2.5332,2.5332,2.5332,,2.5332,0.0,0.0
2013-03-13,2.5282,2.5282,2.5282,2.5282,,2.5282,0.0,0.0
2013-03-14,2.5382,2.5382,2.5382,2.5382,,2.5382,0.0,0.0
2013-03-15,2.5555,2.5555,2.5555,2.5555,,2.5555,0.0,0.0
2013-03-18,2.5333,2.5333,2.5333,2.5333,,2.5333,0.0,0.0
2013-03-19,2.4815,2.4815,2.4815,2.4815,,2.4815,0.0,0.0
2013-03-20,2.5058,2.5058,2.5058,2.5058,,2.5058,0.0,0.0
2013-03-21,2.4876,2.4876,2.4876,2.4876,,2.4876,0.0,0.0
2013-03-22,2.4927,2.4927,2.4927,2.4927,,2.4927,0.0,0.0
2013-03-25,2.5091,2.5091,2.5091,2.5091,,2.5091,0.0,0.0
2013-03-26,2.5456,2.5456,2.5456,2.5456,,2.5456,0.0,0.0
2013-03-27,2.5633,2.5633,2.5633,2.5633,,2.5633,0.0,0.0
2013-03-28,2.5761,2.5761,2.5761,2.5761,,2.5761,0.0,0.0
2013-04-01,2.7073,2.7073,2.7073,2.7073,,2.7073,0.0,0.0
2013-04-02,2.7064,2.7064,2.7064,2.7064,,2.7064,0.0,0.0
2013-04-03,2.6375,2.6375,2.6375,2.6375,,2.6375,0.0,0.0
2013-04-04,2.6433,2.6433,2.6433,2.6433,,2.6433,0.0,0.0
2013-04-05,2.6031,2.6031,2.6031,2.6031,,2.6031,0.0,0.0
2013-04-08,2.6211,2.6211,2.6211,2.6211,,2.6211,0.0,0.0
2013-04-09,2.6502,2.6502,2.6502,2.6502,,2.6502,0.0,0.0
2013-04-10,2.6454,2.6454,2.6454,2.6454,,2.6454,0.0,0.0
2013-04-11,2.6301,2.6301,2.6301,2.6301,,2.6301,0.0,0.0
2013-04-12,2.5975,2.5975,2.5975,2.5975,,2.5975,0.0,0.0
2013-04-15,2.5448,2.5448,2.5448,2.5448,,2.5448,0.0,0.0
2013-04-16,2.536,2.536,2.536,2.536,,2.536,0.0,0.0
2013-04-17,2.4887,2.4887,2.4887,2.4887,,2.4887,0.0,0.0
2013-04-18,2.5111,2.5111,2.5111,2.5111,,2.5111,0.0,0.0
2013-04-19,2.5116,2.5116,2.5116,2.5116,,2.5116,0.0,0.0
2013-04-22,2.535,2.535,2.535,2.535,,2.535,0.0,0.0
2013-04-23,2.5325,2.5325,2.5325,2.5325,,2.5325,0.0,0.0
2013-04-24,2.564,2.564,2.564,2.564,,2.564,0.0,0.0
2013-04-25,2.5945,2.5945,2.5945,2.5945,,2.5945,0.0,0.0
2013-04-26,2.5905,2.5905,2.5905,2.5905,,2.5905,0.0,0.0
2013-04-29,2.5933,2.5933,2.5933,2.5933,,2.5933,0.0,0.0
2013-04-30,2.58,2.58,2.58,2.58,,2.58,0.0,0.0
2013-05-01,2.5279,2.5279,2.5279,2.5279,,2.5279,0.0,0.0
2013-05-02,2.5929,2.5929,2.5929,2.5929,,2.5929,0.0,0.0
2013-05-03,2.6264,2.6264,2.6264,2.6264,,2.6264,0.0,0.0
2013-05-06,2.6391,2.6391,2.6391,2.6391,,2.6391,0.0,0.0
2013-05-07,2.6357,2.6357,2.6357,2.6357,,2.6357,0.0,0.0
2013-05-08,2.6486,2.6486,2.6486,2.6486,,2.6486,0.0,0.0
2013-05-09,2.6596,2.6596,2.6596,2.6596,,2.6596,0.0,0.0
2013-05-10,2.6479,2.6479,2.6479,2.6479,,2.6479,0.0,0.0
2013-05-13,2.6253,2.6253,2.6253,2.6253,,2.6253,0.0,0.0
2013-05-14,2.6181,2.6181,2.6181,2.6181,,2.6181,0.0,0.0
2013-05-15,2.6252,2.6252,2.6252,2.6252,,2.6252,0.0,0.0
2013-05-16,2.6326,2.6326,2.6326,2.6326,,2.6326,0.0,0.0
2013-05-17,2.6497,2.6497,2.6497,2.6497,,2.6497,0.0,0.0
2013-05-20,2.6544,2.6544,2.6544,2.6544,,2.6544,0.0,0.0
2013-05-21,2.6376,2.6376,2.6376,2.6376,,2.6376,0.0,0.0
2013-05-22,2.6147,2.6147,2.6147,2.6147,,2.6147,0.0,0.0
2013-05-23,2.61,2.61,2.61,2.61,,2.61,0.0,0.0
2013-05-24,2.612,2.612,2.612,2.612,,2.612,0.0,0.0
2013-05-28,2.6355,2.6355,2.6355,2.6355,,2.6355,0.0,0.0
2013-05-29,2.5971,2.5971,2.5971,2.5971,,2.5971,0.0,0.0
2013-05-30,2.5938,2.5938,2.5938,2.5938,,2.5938,0.0,0.0
2013-05-31,2.5402,2.5402,2.5402,2.5402,,2.5402,0.0,0.0
2013-06-03,2.551,2.551,2.551,2.551,,2.551,0.0,0.0
2013-06-04,2.5779,2.5779,2.5779,2.5779,,2.5779,0.0,0.0
2013-06-05,2.5808,2.5808,2.5808,2.5808,,2.5808,0.0,0.0
2013-06-06,2.6044,2.6044,2.6044,2.6044,,2.6044,0.0,0.0
2013-06-07,2.6201,2.6201,2.6201,2.6201,,2.6201,0.0,0.0
2013-06-10,2.6086,2.6086,2.6086,2.6086,,2.6086,0.0,0.0
2013-06-11,2.5835,2.5835,2.5835,2.5835,,2.5835,0.0,0.0
2013-06-12,2.5912,2.5912,2.5912,2.5912,,2.5912,0.0,0.0
2013-06-13,2.6277,2.6277,2.6277,2.6277,,2.6277,0.0,0.0
2013-06-14,2.6514,2.6514,2.6514,2.6514,,2.6514,0.0,0.0
2013-06-17,2.6325,2.6325,2.6325,2.6325,,2.6325,0.0,0.0
2013-06-18,2.6565,2.6565,2.6565,2.6565,,2.6565,0.0,0.0
2013-06-19,2.6557,2.6557,2.6557,2.6557,,2.6557,0.0,0.0
2013-06-20,2.5709,2.5709,2.5709,2.5709,,2.5709,0.0,0.0
2013-06-21,2.5361,2.5361,2.5361,2.5361,,2.5361,0.0,0.0
2013-06-24,2.5376,2.5376,2.5376,2.5376,,2.5376,0.0,0.0
2013-06-25,2.5423,2.5423,2.5423,2.5423,,2.5423,0.0,0.0
2013-06-26,2.5488,2.5488,2.5488,2.5488,,2.5488,0.0,0.0
2013-06-27,2.587,2.587,2.587,2.587,,2.587,0.0,0.0
2013-06-28,2.5675,2.5675,2.5675,2.5675,,2.5675,0.0,0.0
2013-07-01,2.5621,2.5621,2.5621,2.5621,,2.5621,0.0,0.0
2013-07-02,2.5907,2.5907,2.5907,2.5907,,2.5907,0.0,0.0
2013-07-03,2.6097,2.6097,2.6097,2.6097,,2.6097,0.0,0.0
2013-07-05,2.6388,2.6388,2.6388,2.6388,,2.6388,0.0,0.0
2013-07-08,2.6202,2.6202,2.6202,2.6202,,2.6202,0.0,0.0
2013-07-09,2.6281,2.6281,2.6281,2.6281,,2.6281,0.0,0.0
2013-07-10,2.6431,2.6431,2.6431,2.6431,,2.6431,0.0,0.0
2013-07-11,2.629,2.629,2.629,2.629,,2.629,0.0,0.0
2013-07-12,2.6405,2.6405,2.6405,2.6405,,2.6405,0.0,0.0
2013-07-15,2.6382,2.6382,2.6382,2.6382,,2.6382,0.0,0.0
2013-07-16,2.6376,2.6376,2.6376,2.6376,,2.6376,0.0,0.0
2013-07-17,2.6504,2.6504,2.6504,2.6504,,2.6504,0.0,0.0
2013-07-18,2.6502,2.6502,2.6502,2.6502,,2.6502,0.0,0.0
2013-07-19,2.6471,2.6471,2.6471,2.6471,,2.6471,0.0,0.0
2013-07-22,2.6432,2.6432,2.6432,2.6432,,2.6432,0.0,0.0
2013-07-23,2.6528,2.6528,2.6528,2.6528,,2.6528,0.0,0.0
2013-07-24,2.6408,2.6408,2.6408,2.6408,,2.6408,0.0,0.0
2013-07-25,2.6364,2.6364,2.6364,2.6364,,2.6364,0.0,0.0
2013-07-26,2.6371,2.6371,2.6371,2.6371,,2.6371,0.0,0.0
2013-07-29,2.6443,2.6443,2.6443,2.6443,,2.6443,0.0,0.0
2013-07-30,2.6383,2.6383,2.6383,2.6383,,2.6383,0.0,0.0
2013-07-31,2.6624,2.6624,2.6624,2.6624,,2.6624,0.0,0.0
2013-08-01,2.6669,2.6669,2.6669,2.6669,,2.6669,0.0,0.0
2013-08-02,2.6631,2.6631,2.6631,2.6631,,2.6631,0.0,0.0
2013-08-05,2.6564,2.6564,2.6564,2.6564,,2.6564,0.0,0.0
2013-08-06,2.6187,2.6187,2.6187,2.6187,,2.6187,0.0,0.0
2013-08-07,2.5906,2.5906,2.5906,2.5906,,2.5906,0.0,0.0
2013-08-08,2.5754,2.5754,2.5754,2.5754,,2.5754,0.0,0.0
2013-08-09,2.6089,2.6089,2.6089,2.6089,,2.6089,0.0,0.0
2013-08-12,2.6263,2.6263,2.6263,2.6263,,2.6263,0.0,0.0
2013-08-13,2.647,2.647,2.647,2.647,,2.647,0.0,0.0
2013-08-14,2.6532,2.6532,2.6532,2.6532,,2.6532,0.0,0.0
2013-08-15,2.6634,2.6634,2.6634,2.6634,,2.6634,0.0,0.0
2013-08-16,2.6536,2.6536,2.6536,2.6536,,2.6536,0.0,0.0
2013-08-19,2.6339,2.6339,2.6339,2.6339,,2.6339,0.0,0.0
2013-08-20,2.6403,2.6403,2.6403,2.6403,,2.6403,0.0,0.0
2013-08-21,2.6316,2.6316,2.6316,2.6316,,2.6316,0.0,0.0
2013-08-22,2.6396,2.6396,2.6396,2.6396,,2.6396,0.0,0.0
2013-08-23,2.6628,2.6628,2.6628,2.6628,,2.6628,0.0,0.0
2013-08-26,2.6432,2.6432,2.6432,2.6432,,2.6432,0.0,0.0
2013-08-27,2.6943,2.6943,2.6943,2.6943,,2.6943,0.0,0.0
2013-08-28,2.7091,2.7091,2.7091,2.7091,,2.7091,0.0,0.0
2013-08-29,2.6638,2.6638,2.6638,2.6638,,2.6638,0.0,0.0
2013-08-30,2.6457,2.6457,2.6457,2.6457,,2.6457,0.0,0.0
2013-09-03,2.6089,2.6089,2.6089,2.6089,,2.6089,0.0,0.0
2013-09-04,2.6122,2.6122,2.6122,2.6122,,2.6122,0.0,0.0
2013-09-05,2.6131,2.6131,2.6131,2.6131,,2.6131,0.0,0.0
2013-09-06,2.6228,2.6228,2.6228,2.6228,,2.6228,0.0,0.0
2013-09-09,2.5894,2.5894,2.5894,2.5894,,2.5894,0.0,0.0
2013-09-10,2.5489,2.5489,2.5489,2.5489,,2.5489,0.0,0.0
2013-09-11,2.5421,2.5421,2.5421,2.5421,,2.5421,0.0,0.0
2013-09-12,2.5821,2.5821,2.5821,2.5821,,2.5821,0.0,0.0
2013-09-13,2.5763,2.5763,2.5763,2.5763,,2.5763,0.0,0.0
2013-09-16,2.545,2.545,2.545,2.545,,2.545,0.0,0.0
2013-09-17,2.5149,2.5149,2.5149,2.5149,,2.5149,0.0,0.0
2013-09-18,2.5806,2.5806,2.5806,2.5806,,2.5806,0.0,0.0
2013-09-19,2.5425,2.5425,2.5425,2.5425,,2.5425,0.0,0.0
2013-09-20,2.534,2.534,2.534,2.534,,2.534,0.0,0.0
2013-09-23,2.5068,2.5068,2.5068,2.5068,,2.5068,0.0,0.0
2013-09-24,2.5227,2.5227,2.5227,2.5227,,2.5227,0.0,0.0
2013-09-25,2.5012,2.5012,2.5012,2.5012,,2.5012,0.0,0.0
2013-09-26,2.5301,2.5301,2.5301,2.5301,,2.5301,0.0,0.0
2013-09-27,2.5169,2.5169,2.5169,2.5169,,2.5169,0.0,0.0
2013-09-30,2.5067,2.5067,2.5067,2.5067,,2.5067,0.0,0.0
2013-10-01,2.3962,2.3962,2.3962,2.3962,,2.3962,0.0,0.0
2013-10-02,2.4306,2.4306,2.4306,2.4306,,2.4306,0.0,0.0
2013-10-03,2.4262,2.4262,2.4262,2.4262,,2.4262,0.0,0.0
2013-10-04,2.4223,2.4223,2.4223,2.4223,,2.4223,0.0,0.0
2013-10-07,2.4454,2.4454,2.4454,2.4454,,2.4454,0.0,0.0
2013-10-08,2.4527,2.4527,2.4527,2.4527,,2.4527,0.0,0.0
2013-10-09,2.4348,2.4348,2.4348,2.4348,,2.4348,0.0,0.0
2013-10-10,2.496,2.496,2.496,2.496,,2.496,0.0,0.0
2013-10-11,2.4815,2.4815,2.4815,2.4815,,2.4815,0.0,0.0
2013-10-14,2.4757,2.4757,2.4757,2.4757,,2.4757,0.0,0.0
2013-10-15,2.4682,2.4682,2.4682,2.4682,,2.4682,0.0,0.0
2013-10-16,2.4914,2.4914,2.4914,2.4914,,2.4914,0.0,0.0
2013-10-17,2.4531,2.4531,2.4531,2.4531,,2.4531,0.0,0.0
2013-10-18,2.4657,2.4657,2.4657,2.4657,,2.4657,0.0,0.0
2013-10-21,2.4543,2.4543,2.4543,2.4543,,2.4543,0.0,0.0
2013-10-22,2.4555,2.4555,2.4555,2.4555,,2.4555,0.0,0.0
2013-10-23,2.4138,2.4138,2.4138,2.4138,,2.4138,0.0,0.0
2013-10-24,2.4209,2.4209,2.4209,2.4209,,2.4209,0.0,0.0
2013-10-25,2.4223,2.4223,2.4223,2.4223,,2.4223,0.0,0.0
2013-10-28,2.456,2.456,2.456,2.456,,2.456,0.0,0.0
2013-10-29,2.4574,2.4574,2.4574,2.4574,,2.4574,0.0,0.0
2013-10-30,2.4863,2.4863,2.4863,2.4863,,2.4863,0.0,0.0
2013-10-31,2.4601,2.4601,2.4601,2.4601,,2.4601,0.0,0.0
2013-11-01,2.4037,2.4037,2.4037,2.4037,,2.4037,0.0,0.0
2013-11-04,2.4031,2.4031,2.4031,2.4031,,2.4031,0.0,0.0
2013-11-05,2.3974,2.3974,2.3974,2.3974,,2.3974,0.0,0.0
2013-11-06,2.4129,2.4129,2.4129,2.4129,,2.4129,0.0,0.0
2013-11-07,2.3733,2.3733,2.3733,2.3733,,2.3733,0.0,0.0
2013-11-08,2.404,2.404,2.404,2.404,,2.404,0.0,0.0
2013-11-11,2.4359,2.4359,2.4359,2.4359,,2.4359,0.0,0.0
2013-11-12,2.4013,2.4013,2.4013,2.4013,,2.4013,0.0,0.0
2013-11-13,2.442,2.442,2.442,2.442,,2.442,0.0,0.0
2013-11-14,2.4567,2.4567,2.4567,2.4567,,2.4567,0.0,0.0
2013-11-15,2.4366,2.4366,2.4366,2.4366,,2.4366,0.0,0.0
2013-11-18,2.42,2.42,2.42,2.42,,2.42,0.0,0.0
2013-11-19,2.4057,2.4057,2.4057,2.4057,,2.4057,0.0,0.0
2013-11-20,2.4282,2.4282,2.4282,2.4282,,2.4282,0.0,0.0
2013-11-21,2.4745,2.4745,2.4745,2.4745,,2.4745,0.0,0.0
2013-11-22,2.4798,2.4798,2.4798,2.4798,,2.4798,0.0,0.0
2013-11-25,2.4685,2.4685,2.4685,2.4685,,2.4685,0.0,0.0
2013-11-26,2.474,2.474,2.474,2.474,,2.474,0.0,0.0
2013-11-27,2.4715,2.4715,2.4715,2.4715,,2.4715,0.0,0.0
2013-11-29,2.4597,2.4597,2.4597,2.4597,,2.4597,0.0,0.0
2013-12-02,2.4752,2.4752,2.4752,2.4752,,2.4752,0.0,52.0
2013-12-03,2.5128,2.5128,2.5128,2.5128,,2.5128,0.0,52.0
2013-12-04,2.4875,2.4875,2.4875,2.4875,,2.4875,0.0,52.0
2013-12-05,2.4713,2.4713,2.4713,2.4713,,2.4713,0.0,52.0
2013-12-06,2.4809,2.4809,2.4809,2.4809,,2.4809,0.0,52.0
2013-12-09,2.4428,2.4428,2.4428,2.4428,,2.4428,0.0,52.0
2013-12-10,2.45,2.45,2.45,2.45,,2.45,0.0,52.0
2013-12-11,2.4487,2.4487,2.4487,2.4487,,2.4487,0.0,52.0
2013-12-12,2.4311,2.4311,2.4311,2.4311,,2.4311,0.0,52.0
2013-12-13,2.4206,2.4206,2.4206,2.4206,,2.4206,0.0,52.0
2013-12-16,2.4379,2.4379,2.4379,2.4379,,2.4379,0.0,52.0
2013-12-17,2.4301,2.4301,2.4301,2.4301,,2.4301,0.0,52.0
2013-12-18,2.4487,2.4487,2.4487,2.4487,,2.4487,0.0,52.0
2013-12-19,2.4571,2.4571,2.4571,2.4571,,2.4571,0.0,52.0
2013-12-20,2.4765,2.4765,2.4765,2.4765,,2.4765,0.0,52.0
2013-12-23,2.4624,2.4624,2.4624,2.4624,,2.4624,0.0,52.0
2013-12-24,2.4727,2.4727,2.4727,2.4727,,2.4727,0.0,52.0
2013-12-26,2.4705,2.4705,2.4705,2.4705,,2.4705,0.0,52.0
2013-12-27,2.4806,2.4806,2.4806,2.4806,,2.4806,0.0,52.0
2013-12-30,2.4656,2.4656,2.4656,2.4656,,2.4656,0.0,52.0
2013-12-31,2.4592,2.4592,2.4592,2.4592,,2.4592,0.0,52.0
2014-01-02,2.3947,2.3947,2.3947,2.3947,,2.3947,0.0,0.0
2014-01-03,2.3881,2.3881,2.3881,2.3881,,2.3881,0.0,0.0
2014-01-06,2.3886,2.3886,2.3886,2.3886,,2.3886,0.0,0.0
2014-01-07,2.3941,2.3941,2.3941,2.3941,,2.3941,0.0,0.0
2014-01-08,2.3807,2.3807,2.3807,2.3807,,2.3807,0.0,0.0
2014-01-09,2.369,2.369,2.369,2.369,,2.369,0.0,0.0
2014-01-10,2.3801,2.3801,2.3801,2.3801,,2.3801,0.0,0.0
2014-01-13,2.362,2.362,2.362,2.362,,2.362,0.0,0.0
2014-01-14,2.3696,2.3696,2.3696,2.3696,,2.3696,0.0,0.0
2014-01-15,2.3809,2.3809,2.3809,2.3809,,2.3809,0.0,0.0
2014-01-16,2.359,2.359,2.359,2.359,,2.359,0.0,0.0
2014-01-17,2.3673,2.3673,2.3673,2.3673,,2.3673,0.0,0.0
2014-01-21,2.3675,2.3675,2.3675,2.3675,,2.3675,0.0,0.0
2014-01-22,2.3935,2.3935,2.3935,2.3935,,2.3935,0.0,0.0
2014-01-23,2.378,2.378,2.378,2.378,,2.378,0.0,0.0
2014-01-24,2.3848,2.3848,2.3848,2.3848,,2.3848,0.0,0.0
2014-01-27,2.3711,2.3711,2.3711,2.3711,,2.3711,0.0,0.0
2014-01-28,2.385,2.385,2.385,2.385,,2.385,0.0,0.0
2014-01-29,2.3847,2.3847,2.3847,2.3847,,2.3847,0.0,0.0
2014-01-30,2.3771,2.3771,2.3771,2.3771,,2.3771,0.0,0.0
2014-01-31,2.3512,2.3512,2.3512,2.3512,,2.3512,0.0,0.0
2014-02-03,2.2845,2.2845,2.2845,2.2845,,2.2845,0.0,0.0
2014-02-04,2.2801,2.2801,2.2801,2.2801,,2.2801,0.0,0.0
2014-02-05,2.2984,2.2984,2.2984,2.2984,,2.2984,0.0,0.0
2014-02-06,2.3188,2.3188,2.3188,2.3188,,2.3188,0.0,0.0
2014-02-07,2.368,2.368,2.368,2.368,,2.368,0.0,0.0
2014-02-10,2.3481,2.3481,2.3481,2.3481,,2.3481,0.0,0.0
2014-02-11,2.3586,2.3586,2.3586,2.3586,,2.3586,0.0,0.0
2014-02-12,2.3508,2.3508,2.3508,2.3508,,2.3508,0.0,0.0
2014-02-13,2.3549,2.3549,2.3549,2.3549,,2.3549,0.0,0.0
2014-02-14,2.3563,2.3563,2.3563,2.3563,,2.3563,0.0,0.0
2014-02-18,2.3851,2.3851,2.3851,2.3851,0.0288,2.3851,0.0,0.0
2014-02-19,2.4,2.4,2.4,2.4,0.0149,2.4,0.0,0.0
2014-02-20,2.4029,2.4029,2.4029,2.4029,0.0029,2.4029,0.0,0.0
2014-02-21,2.3944,2.3944,2.3944,2.3944,0.0085,2.3944,0.0,0.0
2014-02-24,2.4025,2.4025,2.4025,2.4025,0.0081,2.4025,0.0,0.0
2014-02-25,2.3794,2.3794,2.3794,2.3794,0.0231,2.3794,0.0,0.0
2014-02-26,2.3911,2.3911,2.3911,2.3911,0.0117,2.3911,0.0,0.0
2014-02-27,2.385,2.385,2.385,2.385,0.0061,2.385,0.0,0.0
2014-02-28,2.395,2.395,2.395,2.395,0.01,2.395,0.0,0.0
2014-03-03,2.4196,2.4196,2.4196,2.4196,0.0416,2.4196,0.0,0.0
2014-03-04,2.3712,2.3712,2.3712,2.3712,0.0484,2.3712,0.0,0.0
2014-03-05,2.3322,2.3322,2.3322,2.3322,0.039,2.3322,0.0,0.0
2014-03-06,2.3463,2.3463,2.3463,2.3463,0.0141,2.3463,0.0,0.0
2014-03-07,2.3645,2.3645,2.3645,2.3645,0.0182,2.3645,0.0,0.0
2014-03-10,2.3464,2.3464,2.3464,2.3464,0.0181,2.3464,0.0,0.0
2014-03-11,2.3559,2.3559,2.3559,2.3559,0.0095,2.3559,0.0,0.0
2014-03-12,2.3388,2.3388,2.3388,2.3388,0.0171,2.3388,0.0,0.0
2014-03-13,2.3404,2.3404,2.3404,2.3404,0.0016,2.3404,0.0,0.0
2014-03-14,2.3635,2.3635,2.3635,2.3635,0.0231,2.3635,0.0,0.0
2014-03-17,2.3114,2.3114,2.3114,2.3114,0.0521,2.3114,0.0,0.0
2014-03-18,2.3366,2.3366,2.3366,2.3366,0.0252,2.3366,0.0,0.0
2014-03-19,2.3212,2.3212,2.3212,2.3212,0.0154,2.3212,0.0,0.0
2014-03-20,2.3371,2.3371,2.3371,2.3371,0.0159,2.3371,0.0,0.0
2014-03-21,2.3308,2.3308,2.3308,2.3308,0.0063,2.3308,0.0,0.0
2014-03-24,2.3322,2.3322,2.3322,2.3322,0.0014,2.3322,0.0,0.0
2014-03-25,2.3379,2.3379,2.3379,2.3379,0.0057,2.3379,0.0,0.0
2014-03-26,2.3522,2.3522,2.3522,2.3522,0.0143,2.3522,0.0,0.0
2014-03-27,2.3635,2.3635,2.3635,2.3635,0.0113,2.3635,0.0,0.0
2014-03-28,2.3712,2.3712,2.3712,2.3712,0.0077,2.3712,0.0,0.0
2014-03-31,2.3655,2.3655,2.3655,2.3655,0.0057,2.3655,0.0,0.0
2014-04-01,2.406,2.406,2.406,2.406,0.0,2.406,0.0,0.0
2014-04-02,2.3911,2.3911,2.3911,2.3911,0.0149,2.3911,0.0,0.0
2014-04-03,2.4236,2.4236,2.4236,2.4236,0.0325,2.4236,0.0,0.0
2014-04-04,2.4366,2.4366,2.4366,2.4366,0.013,2.4366,0.0,0.0
2014-04-07,2.434,2.434,2.434,2.434,0.0026,2.434,0.0,0.0
2014-04-08,2.4683,2.4683,2.4683,2.4683,0.0343,2.4683,0.0,0.0
2014-04-09,2.4763,2.4763,2.4763,2.4763,0.008,2.4763,0.0,0.0
2014-04-10,2.4614,2.4614,2.4614,2.4614,0.0149,2.4614,0.0,0.0
2014-04-11,2.4558,2.4558,2.4558,2.4558,0.0056,2.4558,0.0,0.0
2014-04-14,2.4862,2.4862,2.4862,2.4862,0.0304,2.4862,0.0,0.0
2014-04-15,2.4981,2.4981,2.4981,2.4981,0.0119,2.4981,0.0,0.0
2014-04-16,2.486,2.486,2.486,2.486,0.0121,2.486,0.0,0.0
2014-04-17,2.4791,2.4791,2.4791,2.4791,0.0069,2.4791,0.0,0.0
2014-04-21,2.4764,2.4764,2.4764,2.4764,0.0027,2.4764,0.0,0.0
2014-04-22,2.468,2.468,2.468,2.468,0.0084,2.468,0.0,0.0
2014-04-23,2.4672,2.4672,2.4672,2.4672,0.0008,2.4672,0.0,0.0
2014-04-24,2.4808,2.4808,2.4808,2.4808,0.0136,2.4808,0.0,0.0
2014-04-25,2.4623,2.4623,2.4623,2.4623,0.0185,2.4623,0.0,0.0
2014-04-28,2.4415,2.4415,2.4415,2.4415,0.0208,2.4415,0.0,0.0
2014-04-29,2.4613,2.4613,2.4613,2.4613,0.0198,2.4613,0.0,0.0
2014-04-30,2.4419,2.4419,2.4419,2.4419,0.0194,2.4419,0.0,0.0
2014-05-01,2.4394,2.4394,2.4394,2.4394,0.0,2.4394,0.0,0.0
2014-05-02,2.4532,2.4532,2.4532,2.4532,0.0138,2.4532,0.0,0.0
2014-05-05,2.4378,2.4378,2.4378,2.4378,0.0154,2.4378,0.0,0.0
2014-05-06,2.4232,2.4232,2.4232,2.4232,0.0146,2.4232,0.0,0.0
2014-05-07,2.4611,2.4611,2.4611,2.4611,0.0379,2.4611,0.0,0.0
2014-05-08,2.4584,2.4584,2.4584,2.4584,0.0027,2.4584,0.0,0.0
2014-05-09,2.4471,2.4471,2.4471,2.4471,0.0113,2.4471,0.0,0.0
2014-05-12,2.463,2.463,2.463,2.463,0.0159,2.463,0.0,0.0
2014-05-13,2.4752,2.4752,2.4752,2.4752,0.0122,2.4752,0.0,0.0
2014-05-14,2.4864,2.4864,2.4864,2.4864,0.0112,2.4864,0.0,0.0
2014-05-15,2.484,2.484,2.484,2.484,0.0024,2.484,0.0,0.0
2014-05-16,2.4865,2.4865,2.4865,2.4865,0.0025,2.4865,0.0,0.0
2014-05-19,2.48,2.48,2.48,2.48,0.0065,2.48,0.0,0.0
2014-05-20,2.4918,2.4918,2.4918,2.4918,0.0118,2.4918,0.0,0.0
2014-05-21,2.511,2.511,2.511,2.511,0.0192,2.511,0.0,0.0
2014-05-22,2.5075,2.5075,2.5075,2.5075,0.0035,2.5075,0.0,0.0
2014-05-23,2.5218,2.5218,2.5218,2.5218,0.0143,2.5218,0.0,0.0
2014-05-27,2.5114,2.5114,2.5114,2.5114,0.0104,2.5114,0.0,0.0
2014-05-28,2.5073,2.5073,2.5073,2.5073,0.0041,2.5073,0.0,0.0
2014-05-29,2.5097,2.5097,2.5097,2.5097,0.0024,2.5097,0.0,0.0
2014-05-30,2.492,2.492,2.492,2.492,0.0177,2.492,0.0,0.0
2014-06-02,2.4781,2.4781,2.4781,2.4781,0.0139,2.4781,0.0,0.0
2014-06-03,2.4776,2.4776,2.4776,2.4776,0.0005,2.4776,0.0,0.0
2014-06-04,2.469,2.469,2.469,2.469,0.0086,2.469,0.0,0.0
2014-06-05,2.5573,2.5573,2.5573,2.5573,0.0883,2.5573,0.0,0.0
2014-06-06,2.5457,2.5457,2.5457,2.5457,0.0116,2.5457,0.0,0.0
2014-06-09,2.5556,2.5556,2.5556,2.5556,0.0099,2.5556,0.0,0.0
2014-06-10,2.5511,2.5511,2.5511,2.5511,0.0045,2.5511,0.0,0.0
2014-06-11,2.5557,2.5557,2.5557,2.5557,0.0046,2.5557,0.0,0.0
2014-06-12,2.6003,2.6003,2.6003,2.6003,0.0446,2.6003,0.0,0.0
2014-06-13,2.6013,2.6013,2.6013,2.6013,0.001,2.6013,0.0,0.0
2014-06-16,2.6139,2.6139,2.6139,2.6139,0.0126,2.6139,0.0,0.0
2014-06-17,2.6311,2.6311,2.6311,2.6311,0.0172,2.6311,0.0,0.0
2014-06-18,2.6412,2.6412,2.6412,2.6412,0.0101,2.6412,0.0,0.0
2014-06-19,2.6489,2.6489,2.6489,2.6489,0.0077,2.6489,0.0,0.0
2014-06-20,2.6559,2.6559,2.6559,2.6559,0.007,2.6559,0.0,0.0
2014-06-23,2.6566,2.6566,2.6566,2.6566,0.0007,2.6566,0.0,0.0
2014-06-24,2.6684,2.6684,2.6684,2.6684,0.0118,2.6684,0.0,0.0
2014-06-25,2.656,2.656,2.656,2.656,0.0124,2.656,0.0,0.0
2014-06-26,2.6402,2.6402,2.6402,2.6402,0.0158,2.6402,0.0,0.0
2014-06-27,2.6375,2.6375,2.6375,2.6375,0.0027,2.6375,0.0,0.0
2014-06-30,2.6231,2.6231,2.6231,2.6231,0.0144,2.6231,0.0,0.0
2014-07-01,2.6094,2.6094,2.6094,2.6094,0.0,2.6094,0.0,0.0
2014-07-02,2.5979,2.5979,2.5979,2.5979,0.0115,2.5979,0.0,0.0
2014-07-03,2.5887,2.5887,2.5887,2.5887,0.0092,2.5887,0.0,0.0
2014-07-07,2.5821,2.5821,2.5821,2.5821,0.0066,2.5821,0.0,0.0
2014-07-08,2.5698,2.5698,2.5698,2.5698,0.0123,2.5698,0.0,0.0
2014-07-09,2.5607,2.5607,2.5607,2.5607,0.0091,2.5607,0.0,0.0
2014-07-10,2.5788,2.5788,2.5788,2.5788,0.0181,2.5788,0.0,0.0
2014-07-11,2.5688,2.5688,2.5688,2.5688,0.01,2.5688,0.0,0.0
2014-07-14,2.5916,2.5916,2.5916,2.5916,0.0228,2.5916,0.0,0.0
2014-07-15,2.5616,2.5616,2.5616,2.5616,0.03,2.5616,0.0,0.0
2014-07-16,2.5494,2.5494,2.5494,2.5494,0.0122,2.5494,0.0,0.0
2014-07-17,2.5491,2.5491,2.5491,2.5491,0.0003,2.5491,0.0,0.0
2014-07-18,2.5368,2.5368,2.5368,2.5368,0.0123,2.5368,0.0,0.0
2014-07-21,2.5644,2.5644,2.5644,2.5644,0.0276,2.5644,0.0,0.0
2014-07-22,2.5489,2.5489,2.5489,2.5489,0.0155,2.5489,0.0,0.0
2014-07-23,2.5582,2.5582,2.5582,2.5582,0.0093,2.5582,0.0,0.0
2014-07-24,2.5492,2.5492,2.5492,2.5492,0.009,2.5492,0.0,0.0
2014-07-25,2.5728,2.5728,2.5728,2.5728,0.0236,2.5728,0.0,0.0
2014-07-28,2.5519,2.5519,2.5519,2.5519,0.0209,2.5519,0.0,0.0
2014-07-29,2.5707,2.5707,2.5707,2.5707,0.0188,2.5707,0.0,0.0
2014-07-30,2.5466,2.5466,2.5466,2.5466,0.0241,2.5466,0.0,0.0
2014-07-31,2.5454,2.5454,2.5454,2.5454,0.0012,2.5454,0.0,0.0
2014-08-01,2.5294,2.5294,2.5294,2.5294,0.0,2.5294,0.0,0.0
2014-08-04,2.5255,2.5255,2.5255,2.5255,0.0039,2.5255,0.0,0.0
2014-08-05,2.5139,2.5139,2.5139,2.5139,0.0116,2.5139,0.0,0.0
2014-08-06,2.5251,2.5251,2.5251,2.5251,0.0112,2.5251,0.0,0.0
2014-08-07,2.5514,2.5514,2.5514,2.5514,0.0263,2.5514,0.0,0.0
2014-08-08,2.5352,2.5352,2.5352,2.5352,0.0162,2.5352,0.0,0.0
2014-08-11,2.5418,2.5418,2.5418,2.5418,0.0066,2.5418,0.0,0.0
2014-08-12,2.5236,2.5236,2.5236,2.5236,0.0182,2.5236,0.0,0.0
2014-08-13,2.544,2.544,2.544,2.544,0.0204,2.544,0.0,0.0
2014-08-14,2.5004,2.5004,2.5004,2.5004,0.0436,2.5004,0.0,0.0
2014-08-15,2.5347,2.5347,2.5347,2.5347,0.0343,2.5347,0.0,0.0
2014-08-18,2.509,2.509,2.509,2.509,0.0257,2.509,0.0,0.0
2014-08-19,2.5132,2.5132,2.5132,2.5132,0.0042,2.5132,0.0,0.0
2014-08-20,2.5216,2.5216,2.5216,2.5216,0.0084,2.5216,0.0,0.0
2014-08-21,2.524,2.524,2.524,2.524,0.0024,2.524,0.0,0.0
2014-08-22,2.5185,2.5185,2.5185,2.5185,0.0055,2.5185,0.0,0.0
2014-08-25,2.5253,2.5253,2.5253,2.5253,0.0068,2.5253,0.0,0.0
2014-08-26,2.5241,2.5241,2.5241,2.5241,0.0012,2.5241,0.0,0.0
2014-08-27,2.528,2.528,2.528,2.528,0.0039,2.528,0.0,0.0
2014-08-28,2.5175,2.5175,2.5175,2.5175,0.0105,2.5175,0.0,0.0
2014-08-29,2.523,2.523,2.523,2.523,0.0055,2.523,0.0,0.0
2014-09-02,2.488,2.488,2.488,2.488,0.035,2.488,0.0,0.0
2014-09-03,2.5275,2.5275,2.5275,2.5275,0.0395,2.5275,0.0,0.0
2014-09-04,2.5073,2.5073,2.5073,2.5073,0.0202,2.5073,0.0,0.0
2014-09-05,2.4981,2.4981,2.4981,2.4981,0.0092,2.4981,0.0,0.0
2014-09-08,2.4984,2.4984,2.4984,2.4984,0.0003,2.4984,0.0,0.0
2014-09-09,2.4915,2.4915,2.4915,2.4915,0.0069,2.4915,0.0,0.0
2014-09-10,2.492,2.492,2.492,2.492,0.0005,2.492,0.0,0.0
2014-09-11,2.4827,2.4827,2.4827,2.4827,0.0093,2.4827,0.0,0.0
2014-09-12,2.4792,2.4792,2.4792,2.4792,0.0035,2.4792,0.0,0.0
2014-09-15,2.4801,2.4801,2.4801,2.4801,0.0009,2.4801,0.0,0.0
2014-09-16,2.5014,2.5014,2.5014,2.5014,0.0213,2.5014,0.0,0.0
2014-09-17,2.4992,2.4992,2.4992,2.4992,0.0022,2.4992,0.0,0.0
2014-09-18,2.4829,2.4829,2.4829,2.4829,0.0163,2.4829,0.0,0.0
2014-09-19,2.4988,2.4988,2.4988,2.4988,0.0159,2.4988,0.0,0.0
2014-09-22,2.4787,2.4787,2.4787,2.4787,0.0201,2.4787,0.0,0.0
2014-09-23,2.4773,2.4773,2.4773,2.4773,0.0014,2.4773,0.0,0.0
2014-09-24,2.4843,2.4843,2.4843,2.4843,0.007,2.4843,0.0,0.0
2014-09-25,2.4837,2.4837,2.4837,2.4837,0.0006,2.4837,0.0,0.0
2014-09-26,2.4714,2.4714,2.4714,2.4714,0.0123,2.4714,0.0,0.0
2014-09-29,2.469,2.469,2.469,2.469,0.0024,2.469,0.0,0.0
2014-09-30,2.4165,2.4165,2.4165,2.4165,0.0525,2.4165,0.0,0.0
2014-10-01,2.2934,2.2934,2.2934,2.2934,0.0056,2.2934,0.0,0.0
2014-10-02,2.2723,2.2723,2.2723,2.2723,0.0211,2.2723,0.0,0.0
2014-10-03,2.2493,2.2493,2.2493,2.2493,0.023,2.2493,0.0,0.0
2014-10-06,2.2724,2.2724,2.2724,2.2724,0.0231,2.2724,0.0,0.0
2014-10-07,2.2531,2.2531,2.2531,2.2531,0.0193,2.2531,0.0,0.0
2014-10-08,2.2442,2.2442,2.2442,2.2442,0.0089,2.2442,0.0,0.0
2014-10-09,2.2092,2.2092,2.2092,2.2092,0.035,2.2092,0.0,0.0
2014-10-10,2.2303,2.2303,2.2303,2.2303,0.0211,2.2303,0.0,0.0
2014-10-13,2.2501,2.2501,2.2501,2.2501,0.0198,2.2501,0.0,0.0
2014-10-14,2.1871,2.1871,2.1871,2.1871,0.063,2.1871,0.0,0.0
2014-10-15,2.1509,2.1509,2.1509,2.1509,0.0362,2.1509,0.0,0.0
2014-10-16,2.183,2.183,2.183,2.183,0.0321,2.183,0.0,0.0
2014-10-17,2.1888,2.1888,2.1888,2.1888,0.0058,2.1888,0.0,0.0
2014-10-20,2.1811,2.1811,2.1811,2.1811,0.0077,2.1811,0.0,0.0
2014-10-21,2.1763,2.1763,2.1763,2.1763,0.0048,2.1763,0.0,0.0
2014-10-22,2.1566,2.1566,2.1566,2.1566,0.0197,2.1566,0.0,0.0
2014-10-23,2.2016,2.2016,2.2016,2.2016,0.045,2.2016,0.0,0.0
2014-10-24,2.1948,2.1948,2.1948,2.1948,0.0068,2.1948,0.0,0.0
2014-10-27,2.1955,2.1955,2.1955,2.1955,0.0007,2.1955,0.0,0.0
2014-10-28,2.2136,2.2136,2.2136,2.2136,0.0181,2.2136,0.0,0.0
2014-10-29,2.2337,2.2337,2.2337,2.2337,0.0201,2.2337,0.0,0.0
2014-10-30,2.2119,2.2119,2.2119,2.2119,0.0218,2.2119,0.0,0.0
2014-10-31,2.2075,2.2075,2.2075,2.2075,0.0044,2.2075,0.0,0.0
2014-11-03,2.1632,2.1632,2.1632,2.1632,0.0218,2.1632,0.0,0.0
2014-11-04,2.1304,2.1304,2.1304,2.1304,0.0328,2.1304,0.0,0.0
2014-11-05,2.1274,2.1274,2.1274,2.1274,0.003,2.1274,0.0,0.0
2014-11-06,2.134,2.134,2.134,2.134,0.0066,2.134,0.0,0.0
2014-11-07,2.1438,2.1438,2.1438,2.1438,0.0098,2.1438,0.0,0.0
2014-11-10,2.1162,2.1162,2.1162,2.1162,0.0276,2.1162,0.0,0.0
2014-11-11,2.1127,2.1127,2.1127,2.1127,0.0035,2.1127,0.0,0.0
2014-11-12,2.0932,2.0932,2.0932,2.0932,0.0195,2.0932,0.0,0.0
2014-11-13,2.0064,2.0064,2.0064,2.0064,0.0868,2.0064,0.0,0.0
2014-11-14,2.0471,2.0471,2.0471,2.0471,0.0407,2.0471,0.0,0.0
2014-11-17,2.0353,2.0353,2.0353,2.0353,0.0118,2.0353,0.0,0.0
2014-11-18,2.0244,2.0244,2.0244,2.0244,0.0109,2.0244,0.0,0.0
2014-11-19,2.0049,2.0049,2.0049,2.0049,0.0195,2.0049,0.0,0.0
2014-11-20,2.0141,2.0141,2.0141,2.0141,0.0092,2.0141,0.0,0.0
2014-11-21,2.0522,2.0522,2.0522,2.0522,0.0381,2.0522,0.0,0.0
2014-11-24,2.0354,2.0354,2.0354,2.0354,0.0168,2.0354,0.0,0.0
2014-11-25,2.0126,2.0126,2.0126,2.0126,0.0228,2.0126,0.0,0.0
2014-11-26,2.0027,2.0027,2.0027,2.0027,0.0099,2.0027,0.0,0.0
2014-11-28,1.8398,1.8398,1.8398,1.8398,0.1629,1.8398,0.0,0.0
2014-12-01,1.89,1.8807,1.89,1.89,0.0627,1.89,0.0,0.0
2014-12-02,1.8536,1.899,1.8536,1.8536,0.0364,1.8536,0.0,0.0
2014-12-03,1.8635,1.87,1.8635,1.8635,0.0099,1.8635,0.0,0.0
2014-12-04,1.8551,1.8551,1.8551,1.8551,0.0084,1.8551,0.0,0.0
2014-12-05,1.8394,1.8394,1.8394,1.8394,0.0157,1.8394,0.0,0.0
2014-12-08,1.7792,1.7792,1.7792,1.7792,0.0602,1.7792,0.0,0.0
2014-12-09,1.7853,1.7853,1.7853,1.7853,0.0061,1.7853,0.0,0.0
2014-12-10,1.7225,1.7225,1.7225,1.7225,0.0628,1.7225,0.0,0.0
2014-12-11,1.7102,1.7102,1.7102,1.7102,0.0123,1.7102,0.0,0.0
2014-12-12,1.6798,1.6798,1.6798,1.6798,0.0304,1.6798,0.0,0.0
2014-12-15,1.6562,1.6562,1.6562,1.6562,0.0236,1.6562,0.0,0.0
2014-12-16,1.6246,1.6246,1.6246,1.6246,0.0316,1.6246,0.0,0.0
2014-12-17,1.6479,1.6479,1.6479,1.6479,0.0233,1.6479,0.0,0.0
2014-12-18,1.6192,1.6192,1.6192,1.6192,0.0287,1.6192,0.0,0.0
2014-12-19,1.6739,1.6739,1.6739,1.6739,0.0547,1.6739,0.0,0.0
2014-12-22,1.6653,1.6653,1.6653,1.6653,0.0086,1.6653,0.0,0.0
2014-12-23,1.711,1.711,1.711,1.711,0.0457,1.711,0.0,0.0
2014-12-24,1.6904,1.6904,1.6904,1.6904,0.0206,1.6904,0.0,0.0
2014-12-26,1.681,1.681,1.681,1.681,0.0094,1.681,0.0,0.0
2014-12-29,1.6553,1.6553,1.6553,1.6553,0.0257,1.6553,0.0,0.0
2014-12-30,1.6601,1.6601,1.6601,1.6601,0.0048,1.6601,0.0,0.0
2014-12-31,1.6552,1.6552,1.6552,1.6552,0.0049,1.6552,0.0,0.0
2015-01-02,1.6267,1.6267,1.6267,1.6267,0.0235,1.6267,0.0,0.0
2015-01-05,1.5902,1.5902,1.5902,1.5902,0.0365,1.5902,0.0,0.0
2015-01-06,1.5687,1.5687,1.5687,1.5687,0.0215,1.5687,0.0,0.0
2015-01-07,1.5642,1.5642,1.5642,1.5642,0.0045,1.5642,0.0,0.0
2015-01-08,1.5634,1.5634,1.5634,1.5634,0.0008,1.5634,0.0,0.0
2015-01-09,1.5642,1.5642,1.5642,1.5642,0.0008,1.5642,0.0,0.0
2015-01-12,1.5256,1.5256,1.5256,1.5256,0.0386,1.5256,0.0,0.0
2015-01-13,1.5262,1.5262,1.5262,1.5262,0.0006,1.5262,0.0,0.0
2015-01-14,1.5729,1.5729,1.5729,1.5729,0.0467,1.5729,0.0,0.0
2015-01-15,1.5279,1.5279,1.5279,1.5279,0.045,1.5279,0.0,0.0
2015-01-16,1.5648,1.5648,1.5648,1.5648,0.0369,1.5648,0.0,0.0
2015-01-20,1.5156,1.5156,1.5156,1.5156,0.0492,1.5156,0.0,0.0
2015-01-21,1.5362,1.5362,1.5362,1.5362,0.0206,1.5362,0.0,0.0
2015-01-22,1.5222,1.5222,1.5222,1.5222,0.014,1.5222,0.0,0.0
2015-01-23,1.5358,1.5358,1.5358,1.5358,0.0136,1.5358,0.0,0.0
2015-01-26,1.5243,1.5243,1.5243,1.5243,0.0115,1.5243,0.0,0.0
2015-01-27,1.5614,1.5614,1.5614,1.5614,0.0371,1.5614,0.0,0.0
2015-01-28,1.5444,1.5444,1.5444,1.5444,0.017,1.5444,0.0,0.0
2015-01-29,1.5592,1.5592,1.5592,1.5592,0.0148,1.5592,0.0,0.0
2015-01-30,1.6427,1.6427,1.6427,1.6427,0.0835,1.6427,0.0,0.0
2015-02-02,1.6837,1.6837,1.6837,1.6837,0.041,1.6837,0.0,0.0
2015-02-03,1.7408,1.7408,1.7408,1.7408,0.0571,1.7408,0.0,0.0
2015-02-04,1.6565,1.6565,1.6565,1.6565,0.0843,1.6565,0.0,0.0
2015-02-05,1.6978,1.6978,1.6978,1.6978,0.0413,1.6978,0.0,0.0
2015-02-06,1.7159,1.7159,1.7159,1.7159,0.0181,1.7159,0.0,0.0
2015-02-09,1.7337,1.7337,1.7337,1.7337,0.0178,1.7337,0.0,0.0
2015-02-10,1.7111,1.7111,1.7111,1.7111,0.0226,1.7111,0.0,0.0
2015-02-11,1.6934,1.6934,1.6934,1.6934,0.0177,1.6934,0.0,0.0
2015-02-12,1.7425,1.7425,1.7425,1.7425,0.0491,1.7425,0.0,0.0
2015-02-13,1.7538,1.7538,1.7538,1.7538,0.0113,1.7538,0.0,0.0
2015-02-17,1.7547,1.7547,1.7547,1.7547,0.0009,1.7547,0.0,0.0
2015-02-18,1.7123,1.7123,1.7123,1.7123,0.0424,1.7123,0.0,0.0
2015-02-19,1.6975,1.6975,1.6975,1.6975,0.0148,1.6975,0.0,0.0
2015-02-20,1.6941,1.6941,1.6941,1.6941,0.0034,1.6941,0.0,0.0
2015-02-23,1.6812,1.6812,1.6812,1.6812,0.0129,1.6812,0.0,0.0
2015-02-24,1.704,1.704,1.704,1.704,0.0228,1.704,0.0,0.0
2015-02-25,1.7643,1.7643,1.7643,1.7643,0.0603,1.7643,0.0,0.0
2015-02-26,1.7324,1.7324,1.7324,1.7324,0.0319,1.7324,0.0,0.0
2015-02-27,1.7694,1.7694,1.7694,1.7694,0.037,1.7694,0.0,0.0
2015-03-02,1.7171,1.7171,1.7171,1.7171,0.0523,1.7171,0.0,0.0
2015-03-03,1.7557,1.7557,1.7557,1.7557,0.0386,1.7557,0.0,0.0
2015-03-04,1.7337,1.7337,1.7337,1.7337,0.022,1.7337,0.0,0.0
2015-03-05,1.7054,1.7054,1.7054,1.7054,0.0283,1.7054,0.0,0.0
2015-03-06,1.6902,1.6902,1.6902,1.6902,0.0152,1.6902,0.0,0.0
2015-03-09,1.6743,1.6743,1.6743,1.6743,0.0159,1.6743,0.0,0.0
2015-03-10,1.6663,1.6663,1.6663,1.6663,0.008,1.6663,0.0,0.0
2015-03-11,1.6867,1.6867,1.6867,1.6867,0.0204,1.6867,0.0,0.0
2015-03-12,1.6842,1.6842,1.6842,1.6842,0.0025,1.6842,0.0,0.0
2015-03-13,1.6856,1.6856,1.6856,1.6856,0.0014,1.6856,0.0,0.0
2015-03-16,1.6835,1.6835,1.6835,1.6835,0.0021,1.6835,0.0,0.0
2015-03-17,1.6739,1.6739,1.6739,1.6739,0.0096,1.6739,0.0,0.0
2015-03-18,1.7277,1.7277,1.7277,1.7277,0.0538,1.7277,0.0,0.0
2015-03-19,1.6957,1.6957,1.6957,1.6957,0.032,1.6957,0.0,0.0
2015-03-20,1.7138,1.7138,1.7138,1.7138,0.0181,1.7138,0.0,0.0
2015-03-23,1.7222,1.7222,1.7222,1.7222,0.0084,1.7222,0.0,0.0
2015-03-24,1.6984,1.6984,1.6984,1.6984,0.0238,1.6984,0.0,0.0
2015-03-25,1.7223,1.7223,1.7223,1.7223,0.0239,1.7223,0.0,0.0
2015-03-26,1.748,1.748,1.748,1.748,0.0257,1.748,0.0,0.0
2015-03-27,1.6944,1.6944,1.6944,1.6944,0.0536,1.6944,0.0,0.0
2015-03-30,1.7073,1.7073,1.7073,1.7073,0.0129,1.7073,0.0,0.0
2015-03-31,1.6905,1.6905,1.6905,1.6905,0.0168,1.6905,0.0,0.0
2015-04-01,1.7312,1.7312,1.7312,1.7312,0.0407,1.7312,0.0,0.0
2015-04-02,1.6887,1.6887,1.6887,1.6887,0.0425,1.6887,0.0,0.0
2015-04-06,1.9468,1.9468,1.9468,1.9468,0.2391,1.9468,0.0,0.0
2015-04-07,1.9396,1.9396,1.9396,1.9396,0.0072,1.9396,0.0,0.0
2015-04-08,1.8817,1.8817,1.8817,1.8817,0.0579,1.8817,0.0,0.0
2015-04-09,1.9027,1.9027,1.9027,1.9027,0.021,1.9027,0.0,0.0
2015-04-10,1.9269,1.9269,1.9269,1.9269,0.0242,1.9269,0.0,0.0
2015-04-13,1.9311,1.9311,1.9311,1.9311,0.0042,1.9311,0.0,0.0
2015-04-14,1.9444,1.9444,1.9444,1.9444,0.0133,1.9444,0.0,0.0
2015-04-15,2.01,2.01,2.01,2.01,0.0656,2.01,0.0,0.0
2015-04-16,2.011,2.011,2.011,2.011,0.001,2.011,0.0,0.0
2015-04-17,1.9922,1.9922,1.9922,1.9922,0.0188,1.9922,0.0,0.0
2015-04-20,1.9997,1.9997,1.9997,1.9997,0.0075,1.9997,0.0,0.0
2015-04-21,1.9797,1.9797,1.9797,1.9797,0.02,1.9797,0.0,0.0
2015-04-22,1.9974,1.9974,1.9974,1.9974,0.0177,1.9974,0.0,0.0
2015-04-23,2.0302,2.0302,2.0302,2.0302,0.0328,2.0302,0.0,0.0
2015-04-24,2.035,2.035,2.035,2.035,0.0048,2.035,0.0,0.0
2015-04-27,2.0156,2.0156,2.0156,2.0156,0.0194,2.0156,0.0,0.0
2015-04-28,2.0077,2.0077,2.0077,2.0077,0.0079,2.0077,0.0,0.0
2015-04-29,2.0287,2.0287,2.0287,2.0287,0.021,2.0287,0.0,0.0
2015-04-30,2.036,2.036,2.036,2.036,0.0073,2.036,0.0,0.0
2015-05-01,2.0301,2.0301,2.0301,2.0301,0.0049,2.0301,0.0,0.0
2015-05-04,2.0346,2.0346,2.0346,2.0346,0.0045,2.0346,0.0,0.0
2015-05-05,2.0527,2.0527,2.0527,2.0527,0.0181,2.0527,0.0,0.0
2015-05-06,2.049,2.049,2.049,2.049,0.0037,2.049,0.0,0.0
2015-05-07,2.0154,2.0154,2.0154,2.0154,0.0336,2.0154,0.0,0.0
2015-05-08,2.0216,2.0216,2.0216,2.0216,0.0062,2.0216,0.0,0.0
2015-05-11,2.0183,2.0183,2.0183,2.0183,0.0033,2.0183,0.0,0.0
2015-05-12,2.0541,2.0541,2.0541,2.0541,0.0358,2.0541,0.0,0.0
2015-05-13,2.0453,2.0453,2.0453,2.0453,0.0088,2.0453,0.0,0.0
2015-05-14,2.042,2.042,2.042,2.042,0.0033,2.042,0.0,0.0
2015-05-15,2.0393,2.0393,2.0393,2.0393,0.0027,2.0393,0.0,0.0
2015-05-18,2.0252,2.0252,2.0252,2.0252,0.0141,2.0252,0.0,0.0
2015-05-19,1.9818,1.9818,1.9818,1.9818,0.0434,1.9818,0.0,0.0
2015-05-20,1.9993,1.9993,1.9993,1.9993,0.0175,1.9993,0.0,0.0
2015-05-21,2.0219,2.0219,2.0219,2.0219,0.0226,2.0219,0.0,0.0
2015-05-22,1.9967,1.9967,1.9967,1.9967,0.0252,1.9967,0.0,0.0
2015-05-26,1.9617,1.9617,1.9617,1.9617,0.035,1.9617,0.0,0.0
2015-05-27,1.9329,1.9329,1.9329,1.9329,0.0288,1.9329,0.0,0.0
2015-05-28,1.9488,1.9488,1.9488,1.9488,0.0159,1.9488,0.0,0.0
2015-05-29,2.0065,2.0065,2.0065,2.0065,0.0577,2.0065,0.0,0.0
2015-06-01,1.9871,1.9871,1.9871,1.9871,0.0174,1.9871,0.0,0.0
2015-06-02,2.0105,2.0105,2.0105,2.0105,0.0234,2.0105,0.0,0.0
2015-06-03,1.9828,1.9828,1.9828,1.9828,0.0277,1.9828,0.0,0.0
2015-06-04,1.9463,1.9463,1.9463,1.9463,0.0365,1.9463,0.0,0.0
2015-06-05,1.9801,1.9801,1.9801,1.9801,0.0338,1.9801,0.0,0.0
2015-06-08,1.9555,1.9555,1.9555,1.9555,0.0246,1.9555,0.0,0.0
2015-06-09,1.9968,1.9968,1.9968,1.9968,0.0413,1.9968,0.0,0.0
2015-06-10,2.0175,2.0175,2.0175,2.0175,0.0207,2.0175,0.0,0.0
2015-06-11,2.0002,2.0002,2.0002,2.0002,0.0173,2.0002,0.0,0.0
2015-06-12,1.9676,1.9676,1.9676,1.9676,0.0326,1.9676,0.0,0.0
2015-06-15,1.9607,1.9607,1.9607,1.9607,0.0069,1.9607,0.0,0.0
2015-06-16,1.9646,1.9646,1.9646,1.9646,0.0039,1.9646,0.0,0.0
2015-06-17,1.9622,1.9622,1.9622,1.9622,0.0024,1.9622,0.0,0.0
2015-06-18,1.9687,1.9687,1.9687,1.9687,0.0065,1.9687,0.0,0.0
2015-06-19,1.9431,1.9431,1.9431,1.9431,0.0256,1.9431,0.0,0.0
2015-06-22,1.9572,1.9572,1.9572,1.9572,0.0141,1.9572,0.0,0.0
2015-06-23,1.9645,1.9645,1.9645,1.9645,0.0073,1.9645,0.0,0.0
2015-06-24,1.9514,1.9514,1.9514,1.9514,0.0131,1.9514,0.0,0.0
2015-06-25,1.94,1.94,1.94,1.94,0.0114,1.94,0.0,0.0
2015-06-26,1.9401,1.9401,1.9401,1.9401,0.0001,1.9401,0.0,0.0
2015-06-29,1.9242,1.9242,1.9242,1.9242,0.0159,1.9242,0.0,0.0
2015-06-30,1.9436,1.9436,1.9436,1.9436,0.0194,1.9436,0.0,0.0
2015-07-01,1.9025,1.9025,1.9025,1.9025,0.0361,1.9025,0.0,0.0
2015-07-02,1.9023,1.9023,1.9023,1.9023,0.0002,1.9023,0.0,0.0
2015-07-06,1.8079,1.8079,1.8079,1.8079,0.0944,1.8079,0.0,0.0
2015-07-07,1.81,1.83,1.81,1.83,0.0021,1.81,0.0,0.0
2015-07-08,1.8189,1.8189,1.8189,1.83,0.0089,1.8189,0.0,0.0
2015-07-09,1.8467,1.8467,1.8467,1.83,0.0278,1.8467,0.0,0.0
2015-07-10,1.8516,1.8516,1.8516,1.8516,0.0049,1.8516,0.0,0.0
2015-07-13,1.8378,1.8378,1.8378,1.8378,0.0138,1.8378,0.0,0.0
2015-07-14,1.8387,1.8387,1.8387,1.8387,0.0009,1.8387,0.0,0.0
2015-07-15,1.8057,1.8057,1.8057,1.8057,0.033,1.8057,0.0,0.0
2015-07-16,1.8014,1.83,1.8014,1.83,0.0043,1.8014,0.0,0.0
2015-07-17,1.8097,1.8097,1.8097,1.83,0.0083,1.8097,0.0,0.0
2015-07-20,1.8061,1.83,1.8061,1.83,0.0036,1.8061,0.0,0.0
2015-07-21,1.8179,1.8179,1.8179,1.83,0.0118,1.8179,0.0,0.0
2015-07-22,1.7955,1.7955,1.7955,1.83,0.0224,1.7955,0.0,0.0
2015-07-23,1.7766,1.7766,1.7766,1.83,0.0189,1.7766,0.0,0.0
2015-07-24,1.7668,1.7668,1.7668,1.83,0.0098,1.7668,0.0,0.0
2015-07-27,1.83,1.83,1.83,1.83,0.0102,1.7566,2.0,0.0
2015-07-28,1.7643,1.7643,1.7643,1.7643,0.0077,1.7643,0.0,1.0
2015-07-29,1.77,1.77,1.77,1.77,0.0057,1.77,0.0,1.0
2015-07-30,1.769,1.769,1.769,1.769,0.001,1.769,0.0,1.0
2015-07-31,1.749,1.749,1.749,1.749,0.02,1.749,0.0,1.0
2015-08-03,1.6808,1.6808,1.6808,1.6808,0.0532,1.6808,0.0,0.0
2015-08-04,1.6934,1.6934,1.6934,1.6934,0.0126,1.6934,0.0,0.0
2015-08-05,1.6868,1.6868,1.6868,1.6868,0.0066,1.6868,0.0,0.0
2015-08-06,1.6877,1.6877,1.6877,1.6877,0.0009,1.6877,0.0,0.0
2015-08-07,1.679,1.679,1.679,1.679,0.0087,1.679,0.0,0.0
2015-08-10,1.7246,1.7246,1.7246,1.7246,0.0456,1.7246,0.0,0.0
2015-08-11,1.7046,1.7046,1.7046,1.7046,0.02,1.7046,0.0,0.0
2015-08-12,1.7254,1.7254,1.7254,1.7254,0.0208,1.7254,0.0,0.0
2015-08-13,1.7205,1.7205,1.7205,1.7205,0.0049,1.7205,0.0,0.0
2015-08-14,1.7209,1.7209,1.7209,1.7209,0.0004,1.7209,0.0,0.0
2015-08-17,1.7133,1.7133,1.7133,1.7133,0.0076,1.7133,0.0,0.0
2015-08-18,1.7082,1.7082,1.7082,1.7082,0.0051,1.7082,0.0,0.0
2015-08-19,1.671,1.671,1.671,1.671,0.0372,1.671,0.0,0.0
2015-08-20,1.6493,1.6493,1.6493,1.6493,0.0217,1.6493,0.0,0.0
2015-08-21,1.626,1.626,1.626,1.626,0.0233,1.626,0.0,0.0
2015-08-24,1.5671,1.5671,1.5671,1.5671,0.0589,1.5671,0.0,0.0
2015-08-25,1.5778,1.5778,1.5778,1.5778,0.0107,1.5778,0.0,0.0
2015-08-26,1.5779,1.5779,1.5779,1.5779,0.0001,1.5779,0.0,0.0
2015-08-27,1.6818,1.6818,1.6818,1.6818,0.1039,1.6818,0.0,0.0
2015-08-28,1.7374,1.7374,1.7374,1.7374,0.0556,1.7374,0.0,0.0
2015-08-31,1.8125,1.8125,1.8125,1.8125,0.0751,1.8125,0.0,0.0
2015-09-01,1.7042,1.7042,1.7042,1.7042,0.1003,1.7042,0.0,0.0
2015-09-02,1.7213,1.7213,1.7213,1.7213,0.0171,1.7213,0.0,0.0
2015-09-03,1.7237,1.7237,1.7237,1.7237,0.0024,1.7237,0.0,0.0
2015-09-04,1.6983,1.6983,1.6983,1.6983,0.0254,1.6983,0.0,0.0
2015-09-08,1.6988,1.6988,1.6988,1.6988,0.0005,1.6988,0.0,0.0
2015-09-09,1.6661,1.6661,1.6661,1.6661,0.0327,1.6661,0.0,0.0
2015-09-10,1.6954,1.6954,1.6954,1.6954,0.0293,1.6954,0.0,0.0
2015-09-11,1.6738,1.6738,1.6738,1.6738,0.0216,1.6738,0.0,0.0
2015-09-14,1.6448,1.6448,1.6448,1.6448,0.029,1.6448,0.0,0.0
2015-09-15,1.6489,1.6489,1.6489,1.6489,0.0041,1.6489,0.0,0.0
2015-09-16,1.685,1.685,1.685,1.685,0.0361,1.685,0.0,0.0
2015-09-17,1.6729,1.6729,1.6729,1.6729,0.0121,1.6729,0.0,0.0
2015-09-18,1.6391,1.6391,1.6391,1.6391,0.0338,1.6391,0.0,0.0
2015-09-21,1.6742,1.6742,1.6742,1.6742,0.0351,1.6742,2.0,0.0
2015-09-22,1.6895,1.6895,1.6895,1.6895,0.0153,1.6895,0.0,0.0
2015-09-23,1.654,1.654,1.68,1.68,0.0355,1.654,0.0,0.0
2015-09-24,1.659,1.659,1.65,1.65,0.005,1.659,0.0,0.0
2015-09-25,1.6682,1.6682,1.6682,1.6682,0.0092,1.6682,0.0,0.0
2015-09-28,1.6345,1.6345,1.65,1.65,0.0337,1.6345,0.0,0.0
2015-09-29,1.6468,1.6468,1.6468,1.6468,0.0123,1.6468,0.0,0.0
2015-09-30,1.6488,1.6488,1.6488,1.6488,0.002,1.6488,0.0,0.0
2015-10-01,1.5489,1.5489,1.5489,1.5489,0.0111,1.5489,0.0,0.0
2015-10-02,1.5526,1.5526,1.5526,1.5526,0.0037,1.5526,0.0,0.0
2015-10-05,1.5789,1.5789,1.5789,1.5789,0.0263,1.5789,0.0,0.0
2015-10-06,1.6386,1.6386,1.6386,1.6386,0.0597,1.6386,0.0,0.0
2015-10-07,1.6253,1.6253,1.6253,1.6253,0.0133,1.6253,0.0,0.0
2015-10-08,1.6397,1.6397,1.6397,1.6397,0.0144,1.6397,0.0,0.0
2015-10-09,1.6209,1.6209,1.6209,1.6209,0.0188,1.6209,0.0,0.0
2015-10-12,1.5733,1.5733,1.5733,1.5733,0.0476,1.5733,0.0,0.0
2015-10-13,1.5627,1.5627,1.5627,1.5627,0.0106,1.5627,0.0,0.0
2015-10-14,1.5561,1.5561,1.5561,1.5561,0.0066,1.5561,0.0,0.0
2015-10-15,1.5546,1.5546,1.5546,1.5546,0.0015,1.5546,0.0,0.0
2015-10-16,1.5691,1.5691,1.5691,1.5691,0.0145,1.5691,0.0,0.0
2015-10-19,1.5266,1.5266,1.5266,1.5266,0.0425,1.5266,0.0,0.0
2015-10-20,1.5425,1.5425,1.5425,1.5425,0.0159,1.5425,0.0,0.0
2015-10-21,1.5365,1.5365,1.5365,1.5365,0.006,1.5365,0.0,0.0
2015-10-22,1.5453,1.5453,1.5453,1.5453,0.0088,1.5453,0.0,0.0
2015-10-23,1.5451,1.5451,1.5451,1.5451,0.0002,1.5451,0.0,0.0
2015-10-26,1.5394,1.5394,1.5394,1.5394,0.0057,1.5394,0.0,0.0
2015-10-27,1.5281,1.5281,1.5281,1.5281,0.0113,1.5281,0.0,0.0
2015-10-28,1.5708,1.53,1.5708,1.53,0.0427,1.5708,0.0,0.0
2015-10-29,1.5709,1.5709,1.5709,1.5709,0.0001,1.5709,0.0,0.0
2015-10-30,1.584,1.584,1.584,1.584,0.0131,1.584,0.0,0.0
2015-11-02,1.5612,1.5612,1.5612,1.5612,0.0038,1.5612,0.0,0.0
2015-11-03,1.5966,1.5966,1.5966,1.5966,0.0354,1.5966,0.0,0.0
2015-11-04,1.5583,1.5583,1.5583,1.5583,0.0383,1.5583,0.0,0.0
2015-11-05,1.545,1.545,1.545,1.545,0.0133,1.545,0.0,0.0
2015-11-06,1.5311,1.5311,1.5311,1.5311,0.0139,1.5311,0.0,0.0
2015-11-09,1.5361,1.5361,1.5361,1.5361,0.005,1.5361,0.0,0.0
2015-11-10,1.5393,1.5393,1.5393,1.5393,0.0032,1.5393,0.0,0.0
2015-11-11,1.5104,1.5104,1.5104,1.5104,0.0289,1.5104,0.0,0.0
2015-11-12,1.4822,1.525,1.4822,1.525,0.0282,1.4822,0.0,0.0
2015-11-13,1.4736,1.4736,1.4736,1.525,0.0086,1.4736,0.0,0.0
2015-11-16,1.4725,1.4725,1.4725,1.4725,0.0011,1.4725,0.0,0.0
2015-11-17,1.525,1.525,1.525,1.525,0.0099,1.4626,6.0,0.0
2015-11-18,1.479,1.479,1.479,1.479,0.0164,1.479,0.0,6.0
2015-11-19,1.4772,1.4772,1.4772,1.4772,0.0018,1.4772,0.0,6.0
2015-11-20,1.4738,1.4738,1.4738,1.4738,0.0034,1.4738,0.0,6.0
2015-11-23,1.4882,1.4882,1.4882,1.4882,0.0144,1.4882,0.0,6.0
2015-11-24,1.5264,1.5264,1.5264,1.5264,0.0382,1.5264,0.0,6.0
2015-11-25,1.5251,1.5251,1.5251,1.5251,0.0013,1.5251,0.0,6.0
2015-11-27,1.4991,1.4991,1.4991,1.4991,0.026,1.4991,0.0,6.0
2015-11-30,1.4714,1.4714,1.4714,1.4714,0.0277,1.4714,0.0,6.0
2015-12-01,1.4899,1.4899,1.4899,1.4899,0.0275,1.4899,0.0,46.0
2015-12-02,1.4542,1.4542,1.4542,1.4542,0.0357,1.4542,0.0,46.0
2015-12-03,1.47,1.47,1.47,1.47,0.0158,1.47,0.0,46.0
2015-12-04,1.4463,1.4463,1.4463,1.4463,0.0237,1.4463,0.0,46.0
2015-12-07,1.4076,1.4076,1.4076,1.4076,0.0387,1.4076,0.0,46.0
2015-12-08,1.4154,1.4154,1.4154,1.4154,0.0078,1.4154,0.0,46.0
2015-12-09,1.4222,1.4222,1.4222,1.4222,0.0068,1.4222,0.0,46.0
2015-12-10,1.4276,1.4276,1.4276,1.4276,0.0054,1.4276,0.0,46.0
2015-12-11,1.3945,1.3945,1.3945,1.3945,0.0331,1.3945,0.0,46.0
2015-12-14,1.3699,1.3699,1.3699,1.3699,0.0246,1.3699,29.0,46.0
2015-12-15,1.3674,1.3674,1.3674,1.3674,0.0092,1.3607,24.0,63.0
2015-12-16,1.3416,1.3416,1.3416,1.3416,0.0191,1.3416,20.0,87.0
2015-12-17,1.3358,1.3358,1.3358,1.3358,0.0058,1.3358,0.0,107.0
2015-12-18,1.3232,1.3232,1.3232,1.3232,0.0126,1.3232,0.0,107.0
2015-12-21,1.3103,1.3103,1.3103,1.3103,0.015,1.3082,1.0,107.0
2015-12-22,1.3,1.3,1.3,1.3,0.0121,1.2961,1.0,108.0
2015-12-23,1.3227,1.3227,1.3227,1.3227,0.0266,1.3227,0.0,109.0
2015-12-24,1.3402,1.3402,1.3402,1.3402,0.0175,1.3402,0.0,109.0
2015-12-28,1.3131,1.3131,1.3131,1.3131,0.0271,1.3131,0.0,109.0
2015-12-29,1.3323,1.3323,1.3323,1.3323,0.0192,1.3323,0.0,109.0
2015-12-30,1.3102,1.3102,1.3102,1.3102,0.0221,1.3102,0.0,109.0
2015-12-31,1.3225,1.3226,1.3225,1.3197,0.0123,1.3225,0.0,109.0
2016-01-04,1.3306,1.3306,1.3306,1.3306,0.0031,1.3306,0.0,0.0
2016-01-05,1.3238,1.3238,1.3238,1.3238,0.0068,1.3238,0.0,0.0
2016-01-06,1.2934,1.2934,1.2934,1.2934,0.0304,1.2934,0.0,0.0
2016-01-07,1.265,1.265,1.265,1.265,0.0284,1.265,0.0,0.0
2016-01-08,1.2613,1.2613,1.2613,1.2613,0.0037,1.2613,0.0,0.0
2016-01-11,1.2223,1.2223,1.2223,1.2223,0.039,1.2223,0.0,0.0
2016-01-12,1.1928,1.1928,1.1928,1.1928,0.0295,1.1928,0.0,0.0
2016-01-13,1.1657,1.1657,1.1657,1.1657,0.0271,1.1657,0.0,0.0
2016-01-14,1.1734,1.1734,1.1734,1.1734,0.0077,1.1734,0.0,0.0
2016-01-15,1.15,1.15,1.15,1.15,0.0519,1.1215,4.0,0.0
2016-01-19,1.1017,1.1017,1.1017,1.1017,0.0198,1.1017,0.0,2.0
2016-01-20,1.0915,1.0915,1.0915,1.0915,0.0102,1.0915,0.0,2.0
2016-01-21,1.0875,1.0875,1.0875,1.0875,0.0206,1.1121,4.0,2.0
2016-01-22,1.1707,1.1707,1.1707,1.1707,0.0586,1.1707,0.0,6.0
2016-01-25,1.1405,1.1405,1.1405,1.1405,0.0302,1.1405,0.0,6.0
2016-01-26,1.1654,1.1654,1.1654,1.1654,0.0249,1.1654,0.0,6.0
2016-01-27,1.1836,1.1836,1.1836,1.1836,0.0182,1.1836,0.0,6.0
2016-01-28,1.2018,1.2018,1.2018,1.2018,0.0182,1.2018,0.0,6.0
2016-01-29,1.2462,1.2462,1.2462,1.2462,0.0314,1.2462,0.0,0.0
2016-02-01,1.1992,1.1992,1.1992,1.1992,0.047,1.1992,0.0,0.0
2016-02-02,1.1672,1.1672,1.1672,1.1672,0.032,1.1672,0.0,0.0
2016-02-03,1.2002,1.2002,1.2002,1.2002,0.033,1.2002,0.0,0.0
2016-02-04,1.2022,1.2022,1.2022,1.2022,0.002,1.2022,0.0,0.0
2016-02-05,1.1907,1.1907,1.1907,1.1907,0.0115,1.1907,0.0,0.0
2016-02-08,1.1831,1.1831,1.1831,1.1831,0.0076,1.1831,0.0,0.0
2016-02-09,1.1288,1.1288,1.1288,1.1288,0.0543,1.1288,0.0,0.0
2016-02-10,1.1274,1.1274,1.1274,1.1274,0.0014,1.1274,0.0,0.0
2016-02-11,1.1299,1.1299,1.1299,1.1299,0.0025,1.1299,0.0,0.0
2016-02-12,1.1939,1.1939,1.1939,1.1939,0.064,1.1939,0.0,0.0
2016-02-16,1.1595,1.1595,1.1595,1.1595,0.0344,1.1595,0.0,0.0
2016-02-17,1.196,1.196,1.196,1.196,0.0365,1.196,0.0,0.0
2016-02-18,1.1849,1.1849,1.1849,1.1849,0.0111,1.1849,0.0,0.0
2016-02-19,1.1674,1.1674,1.1674,1.1674,0.0175,1.1674,0.0,0.0
2016-02-22,1.1965,1.1965,1.1965,1.1965,0.0291,1.1965,0.0,0.0
2016-02-23,1.1706,1.1706,1.1706,1.1706,0.0259,1.1706,0.0,0.0
2016-02-24,1.1983,1.1983,1.1983,1.1983,0.0277,1.1983,0.0,0.0
2016-02-25,1.2064,1.2064,1.2064,1.2064,0.0081,1.2064,0.0,0.0
2016-02-26,1.1929,1.1929,1.1929,1.1929,0.0135,1.1929,0.0,0.0
2016-02-29,1.2323,1.2323,1.2323,1.2323,0.0199,1.2323,0.0,0.0
2016-03-01,1.2297,1.2297,1.2297,1.2297,0.0026,1.2297,0.0,0.0
2016-03-02,1.2353,1.2353,1.2353,1.2353,0.0056,1.2353,0.0,0.0
2016-03-03,1.2358,1.2358,1.2358,1.2358,0.0005,1.2358,0.0,0.0
2016-03-04,1.2599,1.2599,1.2599,1.2599,0.0241,1.2599,0.0,0.0
2016-03-07,1.3004,1.3004,1.3004,1.3004,0.0405,1.3004,0.0,0.0
2016-03-08,1.2867,1.2867,1.2867,1.2867,0.0137,1.2867,0.0,0.0
2016-03-09,1.3212,1.3212,1.3212,1.3212,0.0345,1.3212,0.0,0.0
2016-03-10,1.307,1.307,1.307,1.307,0.0142,1.307,0.0,0.0
2016-03-11,1.3163,1.3163,1.3163,1.3163,0.0093,1.3163,0.0,0.0
2016-03-14,1.2941,1.2941,1.2941,1.2941,0.0222,1.2941,0.0,0.0
2016-03-15,1.2768,1.2768,1.2768,1.2768,0.0173,1.2768,0.0,0.0
2016-03-16,1.3079,1.3079,1.3079,1.3079,0.0311,1.3079,0.0,0.0
2016-03-17,1.322,1.322,1.322,1.322,0.0141,1.322,0.0,0.0
2016-03-18,1.3111,1.3111,1.3111,1.3111,0.0109,1.3111,0.0,0.0
2016-03-21,1.3283,1.3283,1.3283,1.3283,0.0172,1.3283,0.0,0.0
2016-03-22,1.3398,1.3398,1.3398,1.3398,0.0115,1.3398,0.0,0.0
2016-03-23,1.3049,1.3049,1.3049,1.3049,0.0349,1.3049,0.0,0.0
2016-03-24,1.3208,1.3208,1.3208,1.3208,0.0159,1.3208,0.0,0.0
2016-03-28,1.3187,1.3187,1.3187,1.3187,0.0021,1.3187,0.0,0.0
2016-03-29,1.3084,1.3084,1.3084,1.3084,0.0103,1.3084,0.0,0.0
2016-03-30,1.3099,1.3099,1.3099,1.3099,0.0015,1.3099,0.0,0.0
2016-03-31,1.3095,1.3095,1.3095,1.3095,0.0004,1.3095,0.0,0.0
2016-04-01,1.4821,1.4821,1.4821,1.4821,0.0394,1.4821,0.0,0.0
2016-04-04,1.4556,1.4556,1.4556,1.4556,0.0265,1.4556,0.0,0.0
2016-04-05,1.4661,1.4661,1.4661,1.4661,0.0105,1.4661,0.0,0.0
2016-04-06,1.5097,1.5097,1.5097,1.5097,0.0436,1.5097,0.0,0.0
2016-04-07,1.4953,1.4953,1.4953,1.4953,0.0144,1.4953,0.0,0.0
2016-04-08,1.5472,1.5472,1.5472,1.5472,0.0519,1.5472,0.0,0.0
2016-04-11,1.573,1.573,1.573,1.573,0.0258,1.573,0.0,0.0
2016-04-12,1.5926,1.5926,1.5926,1.5926,0.0196,1.5926,0.0,0.0
2016-04-13,1.5924,1.5924,1.5924,1.5924,0.0002,1.5924,0.0,0.0
2016-04-14,1.5877,1.5877,1.5877,1.5877,0.0047,1.5877,0.0,0.0
2016-04-15,1.5583,1.5583,1.5583,1.5583,0.0294,1.5583,0.0,0.0
2016-04-18,1.5471,1.5471,1.5471,1.5471,0.0112,1.5471,0.0,0.0
2016-04-19,1.573,1.573,1.573,1.573,0.0259,1.573,0.0,0.0
2016-04-20,1.612,1.612,1.612,1.612,0.039,1.612,0.0,0.0
2016-04-21,1.5922,1.5922,1.5922,1.5922,0.0198,1.5922,0.0,0.0
2016-04-22,1.6078,1.6078,1.6078,1.6078,0.0156,1.6078,0.0,0.0
2016-04-25,1.6008,1.6008,1.6008,1.6008,0.007,1.6008,0.0,0.0
2016-04-26,1.6285,1.6285,1.6285,1.6285,0.0277,1.6285,0.0,0.0
2016-04-27,1.6453,1.6453,1.6453,1.6453,0.0168,1.6453,0.0,0.0
2016-04-28,1.6594,1.6594,1.6594,1.6594,0.0141,1.6594,0.0,0.0
2016-04-29,1.6492,1.6492,1.6492,1.6492,0.0102,1.6492,0.0,0.0
2016-05-02,1.636,1.636,1.636,1.636,0.0202,1.636,0.0,0.0
2016-05-03,1.6144,1.6144,1.6144,1.6144,0.0216,1.6144,0.0,0.0
2016-05-04,,,,,0.0011,1.6133,0.0,0.0
2016-05-05,,,,,0.0049,1.6182,0.0,0.0
2016-05-06,,,,,0.0226,1.6408,0.0,0.0
2016-05-09,1.6119,1.6119,1.6119,1.6119,0.0289,1.6119,0.0,0.0
2016-05-10,,,,,0.0389,1.6508,0.0,0.0
2016-05-11,,,,,0.0385,1.6893,0.0,0.0
2016-05-12,,,,,0.0061,1.6832,0.0,0.0
2016-05-13,,,,,0.0202,1.663,0.0,0.0
2016-05-16,1.6742,1.6742,1.6742,1.6742,0.0112,1.6742,0.0,0.0
2016-05-17,,,,,0.0156,1.6898,0.0,0.0
2016-05-18,,,,,0.0091,1.6989,0.0,0.0
2016-05-19,,,,,0.0013,1.6976,0.0,0.0
2016-05-20,,,,,0.0056,1.692,0.0,0.0
2016-05-23,1.6906,1.6906,1.6906,1.6906,0.0014,1.6906,0.0,0.0
2016-05-24,1.6938,1.6938,1.6938,1.6938,0.0032,1.6938,0.0,0.0
2016-05-25,1.7062,1.7062,1.7062,1.7062,0.0124,1.7062,0.0,0.0
2016-05-26,1.7029,1.7029,1.7029,1.7029,0.0033,1.7029,0.0,0.0
2016-05-27,1.7079,1.7079,1.7079,1.7079,0.005,1.7079,0.0,0.0
2016-05-31,1.6948,1.6948,1.6948,1.6948,0.0131,1.6948,0.0,0.0
2016-06-01,,,,,0.0042,1.692,0.0,103.0
2016-06-02,,,,,0.0044,1.6964,0.0,103.0
2016-06-03,,,,,0.0093,1.6871,0.0,103.0
2016-06-06,1.704,1.704,1.704,1.704,0.0169,1.704,0.0,103.0
2016-06-07,,,,,0.0215,1.7255,0.0,103.0
2016-06-08,,,,,0.0262,1.7517,0.0,103.0
2016-06-09,,,,,0.0098,1.7419,0.0,103.0
2016-06-10,,,,,0.0266,1.7153,0.0,103.0
2016-06-13,1.7083,1.7083,1.7083,1.7083,0.007,1.7083,0.0,103.0
2016-06-14,,,,,0.01,1.6983,0.0,103.0
2016-06-15,,,,,0.0119,1.6864,0.0,103.0
2016-06-16,,,,,0.0331,1.6533,0.0,103.0
2016-06-17,,,,,0.0396,1.6929,0.0,103.0
2016-06-20,1.7259,1.7259,1.7259,1.7259,0.033,1.7259,0.0,103.0
2016-06-21,,,,,0.0008,1.7267,0.0,103.0
2016-06-22,,,,,0.0128,1.7139,0.0,103.0
2016-06-23,,,,,0.0264,1.7403,0.0,103.0
2016-06-24,,,,,0.0582,1.6821,0.0,103.0
2016-06-27,1.6592,1.6592,1.6592,1.6592,0.0229,1.6592,0.0,103.0
2016-06-28,1.6986,1.6986,1.6986,1.6986,0.0394,1.6986,0.0,103.0
2016-06-29,1.7474,1.7474,1.7474,1.7474,0.0488,1.7474,0.0,103.0
2016-06-30,1.7265,1.7265,1.7265,1.7265,0.0209,1.7265,0.0,103.0
2016-07-01,1.7496,1.7496,1.7496,1.7496,0.0366,1.7496,0.0,1.0
2016-07-05,1.7044,1.7044,1.7044,1.7044,0.0452,1.7044,0.0,1.0
2016-07-06,,,,,0.0207,1.7251,0.0,1.0
2016-07-07,,,,,0.0426,1.6825,0.0,1.0
2016-07-08,,,,,0.0065,1.689,0.0,1.0
2016-07-11,1.6886,1.6886,1.6886,1.6886,0.0004,1.6886,0.0,1.0
2016-07-12,,,,,0.0407,1.7293,0.0,1.0
2016-07-13,,,,,0.0445,1.6848,0.0,1.0
2016-07-14,,,,,0.0149,1.6997,0.0,1.0
2016-07-15,,,,,0.0079,1.6918,0.0,1.0
2016-07-18,1.6691,1.6691,1.6691,1.6691,0.0227,1.6691,0.0,1.0
2016-07-19,,,,,0.01,1.6791,0.0,1.0
2016-07-20,,,,,0.0012,1.6803,0.0,1.0
2016-07-21,,,,,0.0176,1.6627,0.0,1.0
2016-07-22,,,,,0.0013,1.664,0.0,1.0
2016-07-25,1.6531,1.6531,1.6531,1.6531,0.0109,1.6531,0.0,1.0
2016-07-26,1.6507,1.6507,1.6507,1.6507,0.0024,1.6507,0.0,1.0
2016-07-27,1.6236,1.6236,1.6236,1.6236,0.0271,1.6236,0.0,1.0
2016-07-28,1.5967,1.5967,1.5967,1.5967,0.0269,1.5967,0.0,1.0
2016-07-29,1.6083,1.6083,1.6083,1.6083,0.0116,1.6083,0.0,1.0
2016-08-01,1.5626,1.5626,1.5626,1.5626,0.0252,1.5626,0.0,0.0
2016-08-02,,,,,0.0105,1.5521,0.0,0.0
2016-08-03,,,,,0.025,1.5771,0.0,0.0
2016-08-04,,,,,0.0105,1.5876,0.0,0.0
2016-08-05,,,,,0.0053,1.5823,0.0,0.0
2016-08-08,1.5948,1.5948,1.5948,1.5948,0.0125,1.5948,0.0,0.0
2016-08-09,,,,,0.0124,1.5824,0.0,0.0
2016-08-10,,,,,0.0158,1.5666,0.0,0.0
2016-08-11,,,,,0.0408,1.6074,0.0,0.0
2016-08-12,,,,,0.0126,1.62,0.0,0.0
2016-08-15,1.6463,1.6463,1.6463,1.6463,0.0263,1.6463,0.0,0.0
2016-08-16,,,,,0.0235,1.6698,0.0,0.0
2016-08-17,,,,,0.0161,1.6859,0.0,0.0
2016-08-18,,,,,0.019,1.7049,0.0,0.0
2016-08-19,,,,,0.005,1.7099,0.0,0.0
2016-08-22,1.6749,1.6749,1.6749,1.6749,0.035,1.6749,0.0,0.0
2016-08-23,,,,,0.0168,1.6917,0.0,0.0
2016-08-24,,,,,0.0227,1.669,0.0,0.0
2016-08-25,,,,,0.0084,1.6774,0.0,0.0
2016-08-26,1.6841,1.6841,1.6841,1.6841,0.0067,1.6841,0.0,0.0
2016-08-29,1.6641,1.6641,1.6641,1.6641,0.02,1.6641,0.0,0.0
2016-08-30,1.6469,1.6469,1.6469,1.6469,0.0172,1.6469,0.0,0.0
2016-08-31,1.6051,1.6051,1.6051,1.6051,0.0418,1.6051,0.0,0.0
2016-09-01,1.554,1.554,1.554,1.554,0.0306,1.554,0.0,0.0
2016-09-02,1.5868,1.5868,1.5868,1.5868,0.0328,1.5868,0.0,0.0
2016-09-06,1.604,1.604,1.604,1.604,0.0172,1.604,0.0,0.0
2016-09-07,,,,,0.018,1.622,0.0,0.0
2016-09-08,,,,,0.0514,1.6734,0.0,0.0
2016-09-09,,,,,0.0462,1.6272,0.0,0.0
2016-09-12,1.6352,1.6352,1.6352,1.6352,0.008,1.6352,0.0,0.0
2016-09-13,,,,,0.023,1.6122,0.0,0.0
2016-09-14,,,,,0.0208,1.5914,0.0,0.0
2016-09-15,,,,,0.0105,1.6019,0.0,0.0
2016-09-16,,,,,0.0154,1.5865,0.0,0.0
2016-09-19,1.5895,1.5895,1.5895,1.5895,0.003,1.5895,0.0,0.0
2016-09-20,,,,,0.0025,1.592,0.0,0.0
2016-09-21,,,,,0.0185,1.6105,0.0,0.0
2016-09-22,,,,,0.0182,1.6287,0.0,0.0
2016-09-23,,,,,0.0425,1.5862,0.0,0.0
2016-09-26,1.6174,1.6174,1.6174,1.6174,0.0312,1.6174,0.0,0.0
2016-09-27,1.5891,1.5891,1.5891,1.5891,0.0283,1.5891,0.0,0.0
2016-09-28,1.6389,1.6389,1.6389,1.6389,0.0498,1.6389,0.0,0.0
2016-09-29,1.6523,1.6523,1.6523,1.6523,0.0134,1.6523,0.0,0.0
2016-09-30,1.6666,1.6666,1.6666,1.6666,0.0143,1.6666,0.0,0.0
2016-10-03,1.564,1.564,1.564,1.564,0.0159,1.564,0.0,0.0
2016-10-04,,,,,0.011,1.575,0.0,0.0
2016-10-05,,,,,0.015,1.59,0.0,0.0
2016-10-06,,,,,0.0073,1.5973,0.0,0.0
2016-10-07,,,,,0.0023,1.595,0.0,0.0
2016-10-10,1.616,1.616,1.616,1.616,0.021,1.616,0.0,0.0
2016-10-11,,,,,0.0224,1.5936,0.0,0.0
2016-10-12,,,,,0.0122,1.5814,0.0,0.0
2016-10-13,,,,,0.0122,1.5936,0.0,0.0
2016-10-14,,,,,0.0028,1.5908,0.0,0.0
2016-10-17,1.5849,1.5849,1.5849,1.5849,0.0059,1.5849,0.0,0.0
2016-10-18,,,,,0.0068,1.5917,0.0,0.0
2016-10-19,,,,,0.0236,1.6153,0.0,0.0
2016-10-20,,,,,0.0166,1.5987,0.0,0.0
2016-10-21,,,,,0.0131,1.6118,0.0,0.0
2016-10-24,1.6105,1.6105,1.6105,1.6105,0.0013,1.6105,0.0,0.0
2016-10-25,,,,,0.0085,1.602,0.0,0.0
2016-10-26,1.5826,1.5826,1.5826,1.5826,0.0194,1.5826,0.0,0.0
2016-10-27,1.5936,1.5936,1.5936,1.5936,0.011,1.5936,0.0,0.0
2016-10-28,1.5767,1.5767,1.5767,1.5767,0.0169,1.5767,0.0,0.0
2016-10-31,1.5353,1.5353,1.5353,1.5353,0.0414,1.5353,0.0,0.0
2016-11-01,,,,,0.0022,1.512,0.0,0.0
2016-11-02,,,,,0.0167,1.4953,0.0,0.0
2016-11-03,,,,,0.0067,1.4886,0.0,0.0
2016-11-04,,,,,0.0191,1.4695,0.0,0.0
2016-11-07,1.4793,1.4793,1.4793,1.4793,0.0098,1.4793,0.0,0.0
2016-11-08,,,,,0.002,1.4813,0.0,0.0
2016-11-09,,,,,0.0006,1.4807,0.0,0.0
2016-11-10,,,,,0.0078,1.4729,0.0,0.0
2016-11-11,,,,,0.0309,1.442,0.0,0.0
2016-11-14,1.4255,1.4255,1.4255,1.4255,0.0165,1.4255,0.0,0.0
2016-11-15,,,,,0.0483,1.4738,0.0,0.0
2016-11-16,,,,,0.0127,1.4611,0.0,0.0
2016-11-17,1.4694,1.4694,1.4694,1.4694,0.0083,1.4694,0.0,0.0
2016-11-18,1.4685,1.4685,1.4685,1.4685,0.0009,1.4685,0.0,0.0
2016-11-21,1.5189,1.5189,1.5189,1.5189,0.0504,1.5189,0.0,0.0
2016-11-22,1.5357,1.5357,1.5357,1.5357,0.0168,1.5357,0.0,0.0
2016-11-23,1.5443,1.5443,1.5443,1.5443,0.0086,1.5443,0.0,0.0
2016-11-25,1.5044,1.5044,1.5044,1.5044,0.0399,1.5044,0.0,0.0
2016-11-28,1.5335,1.5335,1.5335,1.5335,0.0291,1.5335,0.0,0.0
2016-11-29,1.4934,1.4934,1.4934,1.4934,0.0401,1.4934,0.0,0.0
2016-11-30,1.5748,1.5748,1.5748,1.5748,0.0814,1.5748,0.0,0.0
2016-12-01,,,,,0.0365,1.5958,0.0,6.0
2016-12-02,,,,,0.0237,1.6195,0.0,6.0
2016-12-05,1.6338,1.6338,1.6338,1.6338,0.0143,1.6338,0.0,6.0
2016-12-06,,,,,0.0235,1.6103,0.0,6.0
2016-12-07,,,,,0.0218,1.5885,0.0,6.0
2016-12-08,,,,,0.0114,1.5771,0.0,6.0
2016-12-09,,,,,0.004,1.5731,0.0,6.0
2016-12-12,1.5842,1.5842,1.5842,1.5842,0.0111,1.5842,0.0,6.0
2016-12-13,,,,,0.0108,1.5734,0.0,6.0
2016-12-14,,,,,0.023,1.5504,0.0,6.0
2016-12-15,,,,,0.0009,1.5495,0.0,6.0
2016-12-16,,,,,0.0102,1.5597,0.0,6.0
2016-12-19,1.5631,1.5631,1.5631,1.5631,0.0034,1.5631,0.0,6.0
2016-12-20,1.5886,1.5886,1.5886,1.5886,0.0255,1.5886,0.0,6.0
2016-12-21,1.5784,1.5784,1.5784,1.5784,0.0102,1.5784,0.0,6.0
2016-12-22,1.5794,1.5794,1.5794,1.5794,0.001,1.5794,0.0,6.0
2016-12-23,1.5881,1.5881,1.5881,1.5881,0.0087,1.5881,0.0,6.0
2016-12-27,1.6036,1.6036,1.6036,1.6036,0.0155,1.6036,0.0,6.0
2016-12-28,1.6011,1.6011,1.6011,1.6011,0.0025,1.6011,0.0,6.0
2016-12-29,1.6036,1.6036,1.6036,1.6036,0.0025,1.6036,0.0,6.0
2016-12-30,1.6093,1.6093,1.6093,1.6093,0.0057,1.6093,0.0,6.0
2017-01-03,1.5832,1.5832,1.5832,1.5832,0.0311,1.5832,0.0,0.0
2017-01-04,,,,,0.0244,1.6076,0.0,0.0
2017-01-05,,,,,0.0066,1.601,0.0,0.0
2017-01-06,,,,,0.0103,1.5907,0.0,0.0
2017-01-09,1.5416,1.5416,1.5416,1.5416,0.0491,1.5416,0.0,0.0
2017-01-10,1.5232,1.5232,1.5232,1.5232,0.0184,1.5232,0.0,0.0
2017-01-11,1.5433,1.5433,1.5433,1.5433,0.0201,1.5433,0.0,0.0
2017-01-12,1.5535,1.5535,1.5535,1.5535,0.0102,1.5535,0.0,0.0
2017-01-13,1.5507,1.5507,1.5507,1.5507,0.0028,1.5507,0.0,0.0
2017-01-17,1.5459,1.5459,1.5459,1.5459,0.0048,1.5459,0.0,0.0
2017-01-18,,,,,0.0471,1.4988,0.0,0.0
2017-01-19,,,,,0.0033,1.5021,0.0,0.0
2017-01-20,,,,,0.0312,1.5333,0.0,0.0
2017-01-23,1.5271,1.5271,1.5271,1.5271,0.0062,1.5271,0.0,0.0
2017-01-24,,,,,0.0011,1.5282,0.0,0.0
2017-01-25,,,,,0.0198,1.5084,0.0,0.0
2017-01-26,1.5224,1.5224,1.5224,1.5224,0.014,1.5224,0.0,0.0
2017-01-27,1.5003,1.5003,1.5003,1.5003,0.0221,1.5003,0.0,0.0
2017-01-30,1.4892,1.4892,1.4892,1.4892,0.0111,1.4892,0.0,0.0
2017-01-31,1.493,1.493,1.493,1.493,0.0038,1.493,0.0,0.0
2017-02-01,,,,,0.0207,1.5237,0.0,0.0
2017-02-02,,,,,0.0113,1.5124,0.0,0.0
2017-02-03,,,,,0.0152,1.5276,0.0,0.0
2017-02-06,1.5049,1.5049,1.5049,1.5049,0.0227,1.5049,0.0,0.0
2017-02-07,,,,,0.0147,1.4902,0.0,0.0
2017-02-08,,,,,0.0121,1.5023,0.0,0.0
2017-02-09,,,,,0.0072,1.5095,0.0,0.0
2017-02-10,,,,,0.0105,1.52,0.0,0.0
2017-02-13,1.4901,1.4901,1.4901,1.4901,0.0299,1.4901,0.0,0.0
2017-02-14,1.4891,1.4891,1.4891,1.4891,0.001,1.4891,0.0,0.0
2017-02-15,1.4852,1.4852,1.4852,1.4852,0.0039,1.4852,0.0,0.0
2017-02-16,1.4783,1.4783,1.4783,1.4783,0.0069,1.4783,0.0,0.0
2017-02-17,1.4746,1.4746,1.4746,1.4746,0.0037,1.4746,0.0,0.0
2017-02-21,1.4579,1.4579,1.4579,1.4579,0.0167,1.4579,0.0,0.0
2017-02-22,,,,,0.0033,1.4546,0.0,0.0
2017-02-23,1.4671,1.4671,1.4671,1.4671,0.0125,1.4671,0.0,0.0
2017-02-24,1.4647,1.4647,1.4647,1.4647,0.0024,1.4647,0.0,0.0
2017-02-27,1.4692,1.4692,1.4692,1.4692,0.0045,1.4692,0.0,0.0
2017-02-28,1.4719,1.4719,1.4719,1.4719,0.0027,1.4719,0.0,0.0
2017-03-01,,,,,0.0141,1.4778,0.0,0.0
2017-03-02,,,,,0.0193,1.4585,0.0,0.0
2017-03-03,,,,,0.0171,1.4756,0.0,0.0
2017-03-06,1.4737,1.4737,1.4737,1.4737,0.0019,1.4737,0.0,0.0
2017-03-07,,,,,0.0009,1.4728,0.0,0.0
2017-03-08,,,,,0.0405,1.4323,0.0,0.0
2017-03-09,,,,,0.0244,1.4079,0.0,0.0
2017-03-10,,,,,0.0236,1.3843,0.0,0.0
2017-03-13,,,,,0.0021,1.3822,0.0,0.0
2017-03-14,,,,,0.0055,1.3767,0.0,0.0
2017-03-15,,,,,0.0068,1.3835,0.0,0.0
2017-03-16,,,,,0.001,1.3825,0.0,0.0
2017-03-17,,,,,0.0013,1.3812,0.0,0.0
2017-03-20,,,,,0.0065,1.3877,0.0,0.0
2017-03-21,,,,,0.0083,1.3794,0.0,0.0
2017-03-22,,,,,0.0024,1.3818,0.0,0.0
2017-03-23,,,,,0.0066,1.3752,0.0,0.0
2017-03-24,,,,,0.0074,1.3826,0.0,0.0
2017-03-27,,,,,0.0061,1.3887,0.0,0.0
2017-03-28,,,,,0.0025,1.3912,0.0,0.0
2017-03-29,,,,,0.019,1.4102,0.0,0.0
2017-03-30,,,,,0.0106,1.4208,0.0,0.0
2017-03-31,,,,,0.0148,1.4356,0.0,0.0
2017-04-03,,,,,0.0018,1.6368,0.0,0.0
2017-04-04,,,,,0.0218,1.6586,0.0,0.0
2017-04-05,,,,,0.0045,1.6631,0.0,0.0
